04:04:29 overnight start api=http://127.0.0.1:42003
04:04:29 waiting user-queue: jobs=1 pipelines=0 e9fdc118 MiniMax H3 sampling — step 16/20
04:04:49 waiting user-queue: jobs=1 pipelines=0 e9fdc118 MiniMax H3 sampling — step 17/20
04:05:09 waiting user-queue: jobs=1 pipelines=0 e9fdc118 MiniMax H3 sampling — step 18/20
04:05:29 waiting user-queue: jobs=1 pipelines=0 e9fdc118 MiniMax H3 sampling — step 19/20
04:05:49 waiting user-queue: jobs=1 pipelines=0 e9fdc118 MiniMax H3 sampling complete (20/20); decoding video and audio…
04:06:12 waiting user-queue: jobs=1 pipelines=0 e9fdc118 MiniMax H3 sampling complete (20/20); decoding video and audio…
04:06:32 waiting user-queue: jobs=1 pipelines=0 e9fdc118 MiniMax H3 sampling complete (20/20); decoding video and audio…
04:06:52 idle: user-queue
04:06:52 concat claymation_bagend_multiclip.mp4
04:06:56 bagend concat ready claymation_bagend_multiclip.mp4
04:06:56 queueing joke round
04:07:44 joke round queued
04:07:44 waiting jokes: jobs=17 pipelines=0 d433a8e9 Loading MiniMax H3 and generating native video + stereo audio…
04:08:04 waiting jokes: jobs=17 pipelines=0 d433a8e9 Loading MiniMax H3 and generating native video + stereo audio…
04:08:24 waiting jokes: jobs=17 pipelines=0 d433a8e9 Loading MiniMax H3 and generating native video + stereo audio…
04:08:44 waiting jokes: jobs=17 pipelines=0 d433a8e9 Loading MiniMax H3 and generating native video + stereo audio…
04:09:04 waiting jokes: jobs=17 pipelines=0 d433a8e9 Loading MiniMax H3 and generating native video + stereo audio…
04:09:24 waiting jokes: jobs=17 pipelines=0 d433a8e9 Loading MiniMax H3 and generating native video + stereo audio…
04:09:44 waiting jokes: jobs=17 pipelines=0 d433a8e9 MiniMax H3 sampling — step 4/20
04:10:04 waiting jokes: jobs=17 pipelines=0 d433a8e9 MiniMax H3 sampling — step 7/20
04:10:24 waiting jokes: jobs=17 pipelines=0 d433a8e9 MiniMax H3 sampling — step 11/20
04:10:44 waiting jokes: jobs=17 pipelines=0 d433a8e9 MiniMax H3 sampling — step 15/20
04:11:04 waiting jokes: jobs=17 pipelines=0 d433a8e9 MiniMax H3 sampling — step 18/20
04:11:25 waiting jokes: jobs=17 pipelines=0 d433a8e9 MiniMax H3 sampling complete (20/20); decoding video and audio…
04:11:45 waiting jokes: jobs=16 pipelines=0 b9fe1e8a Loading MiniMax H3 and generating native video + stereo audio…
04:12:05 waiting jokes: jobs=16 pipelines=0 b9fe1e8a Loading MiniMax H3 and generating native video + stereo audio…
04:12:25 waiting jokes: jobs=16 pipelines=0 b9fe1e8a Loading MiniMax H3 and generating native video + stereo audio…
04:12:45 waiting jokes: jobs=16 pipelines=0 b9fe1e8a Loading MiniMax H3 and generating native video + stereo audio…
04:13:05 waiting jokes: jobs=16 pipelines=0 b9fe1e8a Loading MiniMax H3 and generating native video + stereo audio…
04:13:25 waiting jokes: jobs=16 pipelines=0 b9fe1e8a Loading MiniMax H3 and generating native video + stereo audio…
04:13:45 waiting jokes: jobs=16 pipelines=0 b9fe1e8a MiniMax H3 sampling — step 1/20
04:14:05 waiting jokes: jobs=16 pipelines=0 b9fe1e8a MiniMax H3 sampling — step 3/20
04:14:25 waiting jokes: jobs=16 pipelines=0 b9fe1e8a MiniMax H3 sampling — step 4/20
04:14:45 waiting jokes: jobs=16 pipelines=0 b9fe1e8a MiniMax H3 sampling — step 5/20
04:15:05 waiting jokes: jobs=16 pipelines=0 b9fe1e8a MiniMax H3 sampling — step 7/20
04:15:25 waiting jokes: jobs=16 pipelines=0 b9fe1e8a MiniMax H3 sampling — step 8/20
04:15:45 waiting jokes: jobs=16 pipelines=0 b9fe1e8a MiniMax H3 sampling — step 9/20
04:16:05 waiting jokes: jobs=16 pipelines=0 b9fe1e8a MiniMax H3 sampling — step 11/20
04:16:25 waiting jokes: jobs=16 pipelines=0 b9fe1e8a MiniMax H3 sampling — step 12/20
04:16:45 waiting jokes: jobs=16 pipelines=0 b9fe1e8a MiniMax H3 sampling — step 13/20
04:17:05 waiting jokes: jobs=16 pipelines=0 b9fe1e8a MiniMax H3 sampling — step 15/20
04:17:25 waiting jokes: jobs=16 pipelines=0 b9fe1e8a MiniMax H3 sampling — step 16/20
04:17:45 waiting jokes: jobs=16 pipelines=0 b9fe1e8a MiniMax H3 sampling — step 17/20
04:18:05 waiting jokes: jobs=16 pipelines=0 b9fe1e8a MiniMax H3 sampling — step 19/20
04:18:25 waiting jokes: jobs=16 pipelines=0 b9fe1e8a MiniMax H3 sampling complete (20/20); decoding video and audio…
04:18:45 waiting jokes: jobs=16 pipelines=0 b9fe1e8a MiniMax H3 sampling complete (20/20); decoding video and audio…
04:19:05 waiting jokes: jobs=15 pipelines=0 47adff3e Loading MiniMax H3 and generating native video + stereo audio…
04:19:25 waiting jokes: jobs=15 pipelines=0 47adff3e Loading MiniMax H3 and generating native video + stereo audio…
04:19:45 waiting jokes: jobs=15 pipelines=0 47adff3e Loading MiniMax H3 and generating native video + stereo audio…
04:20:05 waiting jokes: jobs=15 pipelines=0 47adff3e Loading MiniMax H3 and generating native video + stereo audio…
04:20:25 waiting jokes: jobs=15 pipelines=0 47adff3e Loading MiniMax H3 and generating native video + stereo audio…
04:20:45 waiting jokes: jobs=15 pipelines=0 47adff3e Loading MiniMax H3 and generating native video + stereo audio…
04:21:05 waiting jokes: jobs=15 pipelines=0 47adff3e MiniMax H3 sampling — step 1/20
04:21:25 waiting jokes: jobs=15 pipelines=0 47adff3e MiniMax H3 sampling — step 3/20
04:21:45 waiting jokes: jobs=15 pipelines=0 47adff3e MiniMax H3 sampling — step 4/20
04:22:05 waiting jokes: jobs=15 pipelines=0 47adff3e MiniMax H3 sampling — step 5/20
04:22:25 waiting jokes: jobs=15 pipelines=0 47adff3e MiniMax H3 sampling — step 7/20
04:22:45 waiting jokes: jobs=15 pipelines=0 47adff3e MiniMax H3 sampling — step 8/20
04:23:05 waiting jokes: jobs=15 pipelines=0 47adff3e MiniMax H3 sampling — step 9/20
04:23:25 waiting jokes: jobs=15 pipelines=0 47adff3e MiniMax H3 sampling — step 11/20
04:23:45 waiting jokes: jobs=15 pipelines=0 47adff3e MiniMax H3 sampling — step 12/20
04:24:05 waiting jokes: jobs=15 pipelines=0 47adff3e MiniMax H3 sampling — step 14/20
04:24:25 waiting jokes: jobs=15 pipelines=0 47adff3e MiniMax H3 sampling — step 15/20
04:24:45 waiting jokes: jobs=15 pipelines=0 47adff3e MiniMax H3 sampling — step 16/20
04:25:05 waiting jokes: jobs=15 pipelines=0 47adff3e MiniMax H3 sampling — step 18/20
04:25:25 waiting jokes: jobs=15 pipelines=0 47adff3e MiniMax H3 sampling — step 19/20
04:25:45 waiting jokes: jobs=15 pipelines=0 47adff3e MiniMax H3 sampling complete (20/20); decoding video and audio…
04:26:05 waiting jokes: jobs=15 pipelines=0 47adff3e MiniMax H3 sampling complete (20/20); decoding video and audio…
04:26:26 waiting jokes: jobs=14 pipelines=0 82d0f757 Loading MiniMax H3 and generating native video + stereo audio…
04:26:46 waiting jokes: jobs=14 pipelines=0 82d0f757 Loading MiniMax H3 and generating native video + stereo audio…
04:27:06 waiting jokes: jobs=14 pipelines=0 82d0f757 Loading MiniMax H3 and generating native video + stereo audio…
04:27:26 waiting jokes: jobs=14 pipelines=0 82d0f757 Loading MiniMax H3 and generating native video + stereo audio…
04:27:46 waiting jokes: jobs=14 pipelines=0 82d0f757 Loading MiniMax H3 and generating native video + stereo audio…
04:28:06 waiting jokes: jobs=14 pipelines=0 82d0f757 Loading MiniMax H3 and generating native video + stereo audio…
04:28:26 waiting jokes: jobs=14 pipelines=0 82d0f757 MiniMax H3 sampling — step 1/20
04:28:46 waiting jokes: jobs=14 pipelines=0 82d0f757 MiniMax H3 sampling — step 3/20
04:29:06 waiting jokes: jobs=14 pipelines=0 82d0f757 MiniMax H3 sampling — step 4/20
04:29:26 waiting jokes: jobs=14 pipelines=0 82d0f757 MiniMax H3 sampling — step 5/20
04:29:46 waiting jokes: jobs=14 pipelines=0 82d0f757 MiniMax H3 sampling — step 6/20
04:30:06 waiting jokes: jobs=14 pipelines=0 82d0f757 MiniMax H3 sampling — step 7/20
04:30:26 waiting jokes: jobs=14 pipelines=0 82d0f757 MiniMax H3 sampling — step 9/20
04:30:46 waiting jokes: jobs=14 pipelines=0 82d0f757 MiniMax H3 sampling — step 10/20
04:31:06 waiting jokes: jobs=14 pipelines=0 82d0f757 MiniMax H3 sampling — step 11/20
04:31:26 waiting jokes: jobs=14 pipelines=0 82d0f757 MiniMax H3 sampling — step 12/20
04:31:46 waiting jokes: jobs=14 pipelines=0 82d0f757 MiniMax H3 sampling — step 13/20
04:32:06 waiting jokes: jobs=14 pipelines=0 82d0f757 MiniMax H3 sampling — step 14/20
04:32:26 waiting jokes: jobs=14 pipelines=0 82d0f757 MiniMax H3 sampling — step 16/20
04:32:46 waiting jokes: jobs=14 pipelines=0 82d0f757 MiniMax H3 sampling — step 17/20
04:33:06 waiting jokes: jobs=14 pipelines=0 82d0f757 MiniMax H3 sampling — step 18/20
04:33:26 waiting jokes: jobs=14 pipelines=0 82d0f757 MiniMax H3 sampling — step 19/20
04:33:46 waiting jokes: jobs=14 pipelines=0 82d0f757 MiniMax H3 sampling complete (20/20); decoding video and audio…
04:34:06 waiting jokes: jobs=14 pipelines=0 82d0f757 MiniMax H3 sampling complete (20/20); decoding video and audio…
04:34:26 waiting jokes: jobs=13 pipelines=0 7f235b56 Loading MiniMax H3 and generating native video + stereo audio…
04:34:46 waiting jokes: jobs=13 pipelines=0 7f235b56 Loading MiniMax H3 and generating native video + stereo audio…
04:35:06 waiting jokes: jobs=13 pipelines=0 7f235b56 Loading MiniMax H3 and generating native video + stereo audio…
04:35:26 waiting jokes: jobs=13 pipelines=0 7f235b56 Loading MiniMax H3 and generating native video + stereo audio…
04:35:46 waiting jokes: jobs=13 pipelines=0 7f235b56 Loading MiniMax H3 and generating native video + stereo audio…
04:36:06 waiting jokes: jobs=13 pipelines=0 7f235b56 Loading MiniMax H3 and generating native video + stereo audio…
04:36:26 waiting jokes: jobs=13 pipelines=0 7f235b56 MiniMax H3 sampling — step 1/20
04:36:46 waiting jokes: jobs=13 pipelines=0 7f235b56 MiniMax H3 sampling — step 2/20
04:37:06 waiting jokes: jobs=13 pipelines=0 7f235b56 MiniMax H3 sampling — step 3/20
04:37:26 waiting jokes: jobs=13 pipelines=0 7f235b56 MiniMax H3 sampling — step 4/20
04:37:46 waiting jokes: jobs=13 pipelines=0 7f235b56 MiniMax H3 sampling — step 5/20
04:38:06 waiting jokes: jobs=13 pipelines=0 7f235b56 MiniMax H3 sampling — step 7/20
04:38:26 waiting jokes: jobs=13 pipelines=0 7f235b56 MiniMax H3 sampling — step 8/20
04:38:46 waiting jokes: jobs=13 pipelines=0 7f235b56 MiniMax H3 sampling — step 9/20
04:39:06 waiting jokes: jobs=13 pipelines=0 7f235b56 MiniMax H3 sampling — step 10/20
04:39:26 waiting jokes: jobs=13 pipelines=0 7f235b56 MiniMax H3 sampling — step 11/20
04:39:46 waiting jokes: jobs=13 pipelines=0 7f235b56 MiniMax H3 sampling — step 12/20
04:40:06 waiting jokes: jobs=13 pipelines=0 7f235b56 MiniMax H3 sampling — step 13/20
04:40:26 waiting jokes: jobs=13 pipelines=0 7f235b56 MiniMax H3 sampling — step 14/20
04:40:46 waiting jokes: jobs=13 pipelines=0 7f235b56 MiniMax H3 sampling — step 15/20
04:41:07 waiting jokes: jobs=13 pipelines=0 7f235b56 MiniMax H3 sampling — step 16/20
04:41:27 waiting jokes: jobs=13 pipelines=0 7f235b56 MiniMax H3 sampling — step 17/20
04:41:47 waiting jokes: jobs=13 pipelines=0 7f235b56 MiniMax H3 sampling — step 18/20
04:42:07 waiting jokes: jobs=13 pipelines=0 7f235b56 MiniMax H3 sampling — step 19/20
04:42:27 waiting jokes: jobs=13 pipelines=0 7f235b56 MiniMax H3 sampling complete (20/20); decoding video and audio…
04:42:47 waiting jokes: jobs=13 pipelines=0 7f235b56 MiniMax H3 sampling complete (20/20); decoding video and audio…
04:43:07 waiting jokes: jobs=13 pipelines=0 7f235b56 MiniMax H3 sampling complete (20/20); decoding video and audio…
04:43:27 waiting jokes: jobs=13 pipelines=0 7f235b56 MiniMax H3 generation complete
04:43:47 waiting jokes: jobs=12 pipelines=0 b3d531c4 Loading MiniMax H3 and generating native video + stereo audio…
04:44:07 waiting jokes: jobs=12 pipelines=0 b3d531c4 Loading MiniMax H3 and generating native video + stereo audio…
04:44:27 waiting jokes: jobs=12 pipelines=0 b3d531c4 Loading MiniMax H3 and generating native video + stereo audio…
04:44:47 waiting jokes: jobs=12 pipelines=0 b3d531c4 Loading MiniMax H3 and generating native video + stereo audio…
04:45:07 waiting jokes: jobs=12 pipelines=0 b3d531c4 Loading MiniMax H3 and generating native video + stereo audio…
04:45:27 waiting jokes: jobs=12 pipelines=0 b3d531c4 Loading MiniMax H3 and generating native video + stereo audio…
04:45:47 waiting jokes: jobs=12 pipelines=0 b3d531c4 Loading MiniMax H3 and generating native video + stereo audio…
04:46:07 waiting jokes: jobs=12 pipelines=0 b3d531c4 MiniMax H3 sampling — step 1/20
04:46:27 waiting jokes: jobs=12 pipelines=0 b3d531c4 MiniMax H3 sampling — step 2/20
04:46:47 waiting jokes: jobs=12 pipelines=0 b3d531c4 MiniMax H3 sampling — step 3/20
04:47:07 waiting jokes: jobs=12 pipelines=0 b3d531c4 MiniMax H3 sampling — step 4/20
04:47:27 waiting jokes: jobs=12 pipelines=0 b3d531c4 MiniMax H3 sampling — step 5/20
04:47:47 waiting jokes: jobs=12 pipelines=0 b3d531c4 MiniMax H3 sampling — step 6/20
04:48:07 waiting jokes: jobs=12 pipelines=0 b3d531c4 MiniMax H3 sampling — step 7/20
04:48:27 waiting jokes: jobs=12 pipelines=0 b3d531c4 MiniMax H3 sampling — step 8/20
04:48:47 waiting jokes: jobs=12 pipelines=0 b3d531c4 MiniMax H3 sampling — step 9/20
04:49:07 waiting jokes: jobs=12 pipelines=0 b3d531c4 MiniMax H3 sampling — step 10/20
04:49:27 waiting jokes: jobs=12 pipelines=0 b3d531c4 MiniMax H3 sampling — step 11/20
04:49:47 waiting jokes: jobs=12 pipelines=0 b3d531c4 MiniMax H3 sampling — step 12/20
04:50:07 waiting jokes: jobs=12 pipelines=0 b3d531c4 MiniMax H3 sampling — step 13/20
04:50:27 waiting jokes: jobs=12 pipelines=0 b3d531c4 MiniMax H3 sampling — step 14/20
04:50:47 waiting jokes: jobs=12 pipelines=0 b3d531c4 MiniMax H3 sampling — step 15/20
04:51:07 waiting jokes: jobs=12 pipelines=0 b3d531c4 MiniMax H3 sampling — step 16/20
04:51:27 waiting jokes: jobs=12 pipelines=0 b3d531c4 MiniMax H3 sampling — step 17/20
04:51:47 waiting jokes: jobs=12 pipelines=0 b3d531c4 MiniMax H3 sampling — step 18/20
04:52:07 waiting jokes: jobs=12 pipelines=0 b3d531c4 MiniMax H3 sampling — step 19/20
04:52:27 waiting jokes: jobs=12 pipelines=0 b3d531c4 MiniMax H3 sampling complete (20/20); decoding video and audio…
04:52:47 waiting jokes: jobs=12 pipelines=0 b3d531c4 MiniMax H3 sampling complete (20/20); decoding video and audio…
04:53:07 waiting jokes: jobs=12 pipelines=0 b3d531c4 MiniMax H3 sampling complete (20/20); decoding video and audio…
04:53:28 waiting jokes: jobs=11 pipelines=0 2d68655a Loading MiniMax H3 and generating native video + stereo audio…
04:53:48 waiting jokes: jobs=11 pipelines=0 2d68655a Loading MiniMax H3 and generating native video + stereo audio…
04:54:08 waiting jokes: jobs=11 pipelines=0 2d68655a Loading MiniMax H3 and generating native video + stereo audio…
04:54:28 waiting jokes: jobs=11 pipelines=0 2d68655a Loading MiniMax H3 and generating native video + stereo audio…
04:54:48 waiting jokes: jobs=11 pipelines=0 2d68655a Loading MiniMax H3 and generating native video + stereo audio…
04:55:08 waiting jokes: jobs=11 pipelines=0 2d68655a Loading MiniMax H3 and generating native video + stereo audio…
04:55:28 waiting jokes: jobs=11 pipelines=0 2d68655a MiniMax H3 sampling — step 1/20
04:55:48 waiting jokes: jobs=11 pipelines=0 2d68655a MiniMax H3 sampling — step 2/20
04:56:08 waiting jokes: jobs=11 pipelines=0 2d68655a MiniMax H3 sampling — step 3/20
04:56:28 waiting jokes: jobs=11 pipelines=0 2d68655a MiniMax H3 sampling — step 4/20
04:56:48 waiting jokes: jobs=11 pipelines=0 2d68655a MiniMax H3 sampling — step 4/20
04:57:08 waiting jokes: jobs=11 pipelines=0 2d68655a MiniMax H3 sampling — step 5/20
04:57:28 waiting jokes: jobs=11 pipelines=0 2d68655a MiniMax H3 sampling — step 6/20
04:57:48 waiting jokes: jobs=11 pipelines=0 2d68655a MiniMax H3 sampling — step 7/20
04:58:08 waiting jokes: jobs=11 pipelines=0 2d68655a MiniMax H3 sampling — step 8/20
04:58:28 waiting jokes: jobs=11 pipelines=0 2d68655a MiniMax H3 sampling — step 9/20
04:58:48 waiting jokes: jobs=11 pipelines=0 2d68655a MiniMax H3 sampling — step 10/20
04:59:08 waiting jokes: jobs=11 pipelines=0 2d68655a MiniMax H3 sampling — step 10/20
04:59:28 waiting jokes: jobs=11 pipelines=0 2d68655a MiniMax H3 sampling — step 11/20
04:59:48 waiting jokes: jobs=11 pipelines=0 2d68655a MiniMax H3 sampling — step 12/20
05:00:08 waiting jokes: jobs=11 pipelines=0 2d68655a MiniMax H3 sampling — step 13/20
05:00:28 waiting jokes: jobs=11 pipelines=0 2d68655a MiniMax H3 sampling — step 14/20
05:00:48 waiting jokes: jobs=11 pipelines=0 2d68655a MiniMax H3 sampling — step 15/20
05:01:08 waiting jokes: jobs=11 pipelines=0 2d68655a MiniMax H3 sampling — step 16/20
05:01:28 waiting jokes: jobs=11 pipelines=0 2d68655a MiniMax H3 sampling — step 16/20
05:01:48 waiting jokes: jobs=11 pipelines=0 2d68655a MiniMax H3 sampling — step 17/20
05:02:08 waiting jokes: jobs=11 pipelines=0 2d68655a MiniMax H3 sampling — step 18/20
05:02:28 waiting jokes: jobs=11 pipelines=0 2d68655a MiniMax H3 sampling — step 19/20
05:02:48 waiting jokes: jobs=11 pipelines=0 2d68655a MiniMax H3 sampling complete (20/20); decoding video and audio…
05:03:08 waiting jokes: jobs=11 pipelines=0 2d68655a MiniMax H3 sampling complete (20/20); decoding video and audio…
05:03:28 waiting jokes: jobs=11 pipelines=0 2d68655a MiniMax H3 sampling complete (20/20); decoding video and audio…
05:03:48 waiting jokes: jobs=10 pipelines=0 5a1803cc Loading MiniMax H3 and generating native video + stereo audio…
05:04:08 waiting jokes: jobs=10 pipelines=0 5a1803cc Loading MiniMax H3 and generating native video + stereo audio…
05:04:28 waiting jokes: jobs=10 pipelines=0 5a1803cc Loading MiniMax H3 and generating native video + stereo audio…
05:04:49 waiting jokes: jobs=10 pipelines=0 5a1803cc Loading MiniMax H3 and generating native video + stereo audio…
05:05:09 waiting jokes: jobs=10 pipelines=0 5a1803cc Loading MiniMax H3 and generating native video + stereo audio…
05:05:29 waiting jokes: jobs=10 pipelines=0 5a1803cc Loading MiniMax H3 and generating native video + stereo audio…
05:05:49 waiting jokes: jobs=10 pipelines=0 5a1803cc MiniMax H3 sampling — step 1/20
05:06:09 waiting jokes: jobs=10 pipelines=0 5a1803cc MiniMax H3 sampling — step 2/20
05:06:29 waiting jokes: jobs=10 pipelines=0 5a1803cc MiniMax H3 sampling — step 3/20
05:06:49 waiting jokes: jobs=10 pipelines=0 5a1803cc MiniMax H3 sampling — step 4/20
05:07:09 waiting jokes: jobs=10 pipelines=0 5a1803cc MiniMax H3 sampling — step 5/20
05:07:29 waiting jokes: jobs=10 pipelines=0 5a1803cc MiniMax H3 sampling — step 6/20
05:07:49 waiting jokes: jobs=10 pipelines=0 5a1803cc MiniMax H3 sampling — step 7/20
05:08:09 waiting jokes: jobs=10 pipelines=0 5a1803cc MiniMax H3 sampling — step 8/20
05:08:29 waiting jokes: jobs=10 pipelines=0 5a1803cc MiniMax H3 sampling — step 9/20
05:08:49 waiting jokes: jobs=10 pipelines=0 5a1803cc MiniMax H3 sampling — step 10/20
05:09:09 waiting jokes: jobs=10 pipelines=0 5a1803cc MiniMax H3 sampling — step 11/20
05:09:29 waiting jokes: jobs=10 pipelines=0 5a1803cc MiniMax H3 sampling — step 12/20
05:09:49 waiting jokes: jobs=10 pipelines=0 5a1803cc MiniMax H3 sampling — step 13/20
05:10:09 waiting jokes: jobs=10 pipelines=0 5a1803cc MiniMax H3 sampling — step 14/20
05:10:29 waiting jokes: jobs=10 pipelines=0 5a1803cc MiniMax H3 sampling — step 15/20
05:10:49 waiting jokes: jobs=10 pipelines=0 5a1803cc MiniMax H3 sampling — step 16/20
05:11:09 waiting jokes: jobs=10 pipelines=0 5a1803cc MiniMax H3 sampling — step 16/20
05:11:29 waiting jokes: jobs=10 pipelines=0 5a1803cc MiniMax H3 sampling — step 17/20
05:11:49 waiting jokes: jobs=10 pipelines=0 5a1803cc MiniMax H3 sampling — step 18/20
05:12:09 waiting jokes: jobs=10 pipelines=0 5a1803cc MiniMax H3 sampling — step 19/20
05:12:29 waiting jokes: jobs=10 pipelines=0 5a1803cc MiniMax H3 sampling complete (20/20); decoding video and audio…
05:12:49 waiting jokes: jobs=10 pipelines=0 5a1803cc MiniMax H3 sampling complete (20/20); decoding video and audio…
05:13:09 waiting jokes: jobs=9 pipelines=0 753243e5 Queued
05:13:29 waiting jokes: jobs=9 pipelines=0 753243e5 Loading MiniMax H3 and generating native video + stereo audio…
05:13:49 waiting jokes: jobs=9 pipelines=0 753243e5 Loading MiniMax H3 and generating native video + stereo audio…
05:14:09 waiting jokes: jobs=9 pipelines=0 753243e5 Loading MiniMax H3 and generating native video + stereo audio…
05:14:29 waiting jokes: jobs=9 pipelines=0 753243e5 Loading MiniMax H3 and generating native video + stereo audio…
05:14:49 waiting jokes: jobs=9 pipelines=0 753243e5 Loading MiniMax H3 and generating native video + stereo audio…
05:15:09 waiting jokes: jobs=9 pipelines=0 753243e5 Loading MiniMax H3 and generating native video + stereo audio…
05:15:29 waiting jokes: jobs=9 pipelines=0 753243e5 Loading MiniMax H3 and generating native video + stereo audio…
05:15:49 waiting jokes: jobs=9 pipelines=0 753243e5 Loading MiniMax H3 and generating native video + stereo audio…
05:16:09 waiting jokes: jobs=9 pipelines=0 753243e5 MiniMax H3 sampling — step 2/20
05:16:29 waiting jokes: jobs=9 pipelines=0 753243e5 MiniMax H3 sampling — step 3/20
05:16:49 waiting jokes: jobs=9 pipelines=0 753243e5 MiniMax H3 sampling — step 4/20
05:17:09 waiting jokes: jobs=9 pipelines=0 753243e5 MiniMax H3 sampling — step 5/20
05:17:29 waiting jokes: jobs=9 pipelines=0 753243e5 MiniMax H3 sampling — step 7/20
05:17:49 waiting jokes: jobs=9 pipelines=0 753243e5 MiniMax H3 sampling — step 8/20
05:18:10 waiting jokes: jobs=9 pipelines=0 753243e5 MiniMax H3 sampling — step 9/20
05:18:30 waiting jokes: jobs=9 pipelines=0 753243e5 MiniMax H3 sampling — step 10/20
05:18:50 waiting jokes: jobs=9 pipelines=0 753243e5 MiniMax H3 sampling — step 11/20
05:19:10 waiting jokes: jobs=9 pipelines=0 753243e5 MiniMax H3 sampling — step 12/20
05:19:30 waiting jokes: jobs=9 pipelines=0 753243e5 MiniMax H3 sampling — step 14/20
05:19:50 waiting jokes: jobs=9 pipelines=0 753243e5 MiniMax H3 sampling — step 15/20
05:20:10 waiting jokes: jobs=9 pipelines=0 753243e5 MiniMax H3 sampling — step 16/20
05:20:30 waiting jokes: jobs=9 pipelines=0 753243e5 MiniMax H3 sampling — step 17/20
05:20:50 waiting jokes: jobs=9 pipelines=0 753243e5 MiniMax H3 sampling — step 18/20
05:21:10 waiting jokes: jobs=9 pipelines=0 753243e5 MiniMax H3 sampling complete (20/20); decoding video and audio…
05:21:30 waiting jokes: jobs=9 pipelines=0 753243e5 MiniMax H3 sampling complete (20/20); decoding video and audio…
05:21:50 waiting jokes: jobs=8 pipelines=0 523d19d9 Queued
05:22:10 waiting jokes: jobs=8 pipelines=0 523d19d9 Loading MiniMax H3 and generating native video + stereo audio…
05:22:30 waiting jokes: jobs=8 pipelines=0 523d19d9 Loading MiniMax H3 and generating native video + stereo audio…
05:22:50 waiting jokes: jobs=8 pipelines=0 523d19d9 Loading MiniMax H3 and generating native video + stereo audio…
05:23:10 waiting jokes: jobs=8 pipelines=0 523d19d9 Loading MiniMax H3 and generating native video + stereo audio…
05:23:30 waiting jokes: jobs=8 pipelines=0 523d19d9 Loading MiniMax H3 and generating native video + stereo audio…
05:23:50 waiting jokes: jobs=8 pipelines=0 523d19d9 Loading MiniMax H3 and generating native video + stereo audio…
05:24:10 waiting jokes: jobs=8 pipelines=0 523d19d9 MiniMax H3 sampling — step 1/20
05:24:30 waiting jokes: jobs=8 pipelines=0 523d19d9 MiniMax H3 sampling — step 2/20
05:24:50 waiting jokes: jobs=8 pipelines=0 523d19d9 MiniMax H3 sampling — step 2/20
05:25:10 waiting jokes: jobs=8 pipelines=0 523d19d9 MiniMax H3 sampling — step 3/20
05:25:30 waiting jokes: jobs=8 pipelines=0 523d19d9 MiniMax H3 sampling — step 4/20
05:25:50 waiting jokes: jobs=8 pipelines=0 523d19d9 MiniMax H3 sampling — step 4/20
05:26:10 waiting jokes: jobs=8 pipelines=0 523d19d9 MiniMax H3 sampling — step 5/20
05:26:30 waiting jokes: jobs=8 pipelines=0 523d19d9 MiniMax H3 sampling — step 6/20
05:26:50 waiting jokes: jobs=8 pipelines=0 523d19d9 MiniMax H3 sampling — step 6/20
05:27:10 waiting jokes: jobs=8 pipelines=0 523d19d9 MiniMax H3 sampling — step 7/20
05:27:30 waiting jokes: jobs=8 pipelines=0 523d19d9 MiniMax H3 sampling — step 8/20
05:27:50 waiting jokes: jobs=8 pipelines=0 523d19d9 MiniMax H3 sampling — step 8/20
05:28:10 waiting jokes: jobs=8 pipelines=0 523d19d9 MiniMax H3 sampling — step 9/20
05:28:30 waiting jokes: jobs=8 pipelines=0 523d19d9 MiniMax H3 sampling — step 10/20
05:28:50 waiting jokes: jobs=8 pipelines=0 523d19d9 MiniMax H3 sampling — step 10/20
05:29:10 waiting jokes: jobs=8 pipelines=0 523d19d9 MiniMax H3 sampling — step 11/20
05:29:30 waiting jokes: jobs=8 pipelines=0 523d19d9 MiniMax H3 sampling — step 11/20
05:29:50 waiting jokes: jobs=8 pipelines=0 523d19d9 MiniMax H3 sampling — step 12/20
05:30:10 waiting jokes: jobs=8 pipelines=0 523d19d9 MiniMax H3 sampling — step 13/20
05:30:30 waiting jokes: jobs=8 pipelines=0 523d19d9 MiniMax H3 sampling — step 13/20
05:30:50 waiting jokes: jobs=8 pipelines=0 523d19d9 MiniMax H3 sampling — step 14/20
05:31:10 waiting jokes: jobs=8 pipelines=0 523d19d9 MiniMax H3 sampling — step 15/20
05:31:30 waiting jokes: jobs=8 pipelines=0 523d19d9 MiniMax H3 sampling — step 15/20
05:31:50 waiting jokes: jobs=8 pipelines=0 523d19d9 MiniMax H3 sampling — step 16/20
05:32:10 waiting jokes: jobs=8 pipelines=0 523d19d9 MiniMax H3 sampling — step 17/20
05:32:30 waiting jokes: jobs=8 pipelines=0 523d19d9 MiniMax H3 sampling — step 17/20
05:32:51 waiting jokes: jobs=8 pipelines=0 523d19d9 MiniMax H3 sampling — step 18/20
05:33:11 waiting jokes: jobs=8 pipelines=0 523d19d9 MiniMax H3 sampling — step 19/20
05:33:31 waiting jokes: jobs=8 pipelines=0 523d19d9 MiniMax H3 sampling — step 19/20
05:33:51 waiting jokes: jobs=8 pipelines=0 523d19d9 MiniMax H3 sampling complete (20/20); decoding video and audio…
05:34:11 waiting jokes: jobs=8 pipelines=0 523d19d9 MiniMax H3 sampling complete (20/20); decoding video and audio…
05:34:31 waiting jokes: jobs=8 pipelines=0 523d19d9 MiniMax H3 sampling complete (20/20); decoding video and audio…
05:34:39 iconic waiter: hold until overnight_surprise.py finishes
05:34:39 iconic waiter: overnight_surprise.py still running
05:34:51 waiting jokes: jobs=7 pipelines=0 84f9a2b9 Loading MiniMax H3 and generating native video + stereo audio…
05:35:09 iconic waiter: overnight_surprise.py still running
05:35:11 waiting jokes: jobs=7 pipelines=0 84f9a2b9 Loading MiniMax H3 and generating native video + stereo audio…
05:35:31 waiting jokes: jobs=7 pipelines=0 84f9a2b9 Loading MiniMax H3 and generating native video + stereo audio…
05:35:39 iconic waiter: overnight_surprise.py still running
05:35:51 waiting jokes: jobs=7 pipelines=0 84f9a2b9 Loading MiniMax H3 and generating native video + stereo audio…
05:36:09 iconic waiter: overnight_surprise.py still running
05:36:11 waiting jokes: jobs=7 pipelines=0 84f9a2b9 Loading MiniMax H3 and generating native video + stereo audio…
05:36:31 waiting jokes: jobs=7 pipelines=0 84f9a2b9 Loading MiniMax H3 and generating native video + stereo audio…
05:36:39 iconic waiter: overnight_surprise.py still running
05:36:51 waiting jokes: jobs=7 pipelines=0 84f9a2b9 Loading MiniMax H3 and generating native video + stereo audio…
05:37:09 iconic waiter: overnight_surprise.py still running
05:37:11 waiting jokes: jobs=7 pipelines=0 84f9a2b9 MiniMax H3 sampling — step 1/20
05:37:31 waiting jokes: jobs=7 pipelines=0 84f9a2b9 MiniMax H3 sampling — step 2/20
05:37:39 iconic waiter: overnight_surprise.py still running
05:37:51 waiting jokes: jobs=7 pipelines=0 84f9a2b9 MiniMax H3 sampling — step 3/20
05:38:09 iconic waiter: overnight_surprise.py still running
05:38:11 waiting jokes: jobs=7 pipelines=0 84f9a2b9 MiniMax H3 sampling — step 3/20
05:38:31 waiting jokes: jobs=7 pipelines=0 84f9a2b9 MiniMax H3 sampling — step 4/20
05:38:39 iconic waiter: overnight_surprise.py still running
05:38:51 waiting jokes: jobs=7 pipelines=0 84f9a2b9 MiniMax H3 sampling — step 5/20
05:39:09 iconic waiter: overnight_surprise.py still running
05:39:11 waiting jokes: jobs=7 pipelines=0 84f9a2b9 MiniMax H3 sampling — step 5/20
05:39:31 waiting jokes: jobs=7 pipelines=0 84f9a2b9 MiniMax H3 sampling — step 6/20
05:39:39 iconic waiter: overnight_surprise.py still running
05:39:51 waiting jokes: jobs=7 pipelines=0 84f9a2b9 MiniMax H3 sampling — step 6/20
05:40:09 iconic waiter: overnight_surprise.py still running
05:40:11 waiting jokes: jobs=7 pipelines=0 84f9a2b9 MiniMax H3 sampling — step 7/20
05:40:31 waiting jokes: jobs=7 pipelines=0 84f9a2b9 MiniMax H3 sampling — step 8/20
05:40:39 iconic waiter: overnight_surprise.py still running
05:40:51 waiting jokes: jobs=7 pipelines=0 84f9a2b9 MiniMax H3 sampling — step 8/20
05:41:09 iconic waiter: overnight_surprise.py still running
05:41:11 waiting jokes: jobs=7 pipelines=0 84f9a2b9 MiniMax H3 sampling — step 9/20
05:41:31 waiting jokes: jobs=7 pipelines=0 84f9a2b9 MiniMax H3 sampling — step 10/20
05:41:39 iconic waiter: overnight_surprise.py still running
05:41:51 waiting jokes: jobs=7 pipelines=0 84f9a2b9 MiniMax H3 sampling — step 10/20
05:42:09 iconic waiter: overnight_surprise.py still running
05:42:11 waiting jokes: jobs=7 pipelines=0 84f9a2b9 MiniMax H3 sampling — step 11/20
05:42:31 waiting jokes: jobs=7 pipelines=0 84f9a2b9 MiniMax H3 sampling — step 12/20
05:42:39 iconic waiter: overnight_surprise.py still running
05:42:51 waiting jokes: jobs=7 pipelines=0 84f9a2b9 MiniMax H3 sampling — step 12/20
05:43:09 iconic waiter: overnight_surprise.py still running
05:43:12 waiting jokes: jobs=7 pipelines=0 84f9a2b9 MiniMax H3 sampling — step 13/20
05:43:32 waiting jokes: jobs=7 pipelines=0 84f9a2b9 MiniMax H3 sampling — step 14/20
05:43:39 iconic waiter: overnight_surprise.py still running
05:43:52 waiting jokes: jobs=7 pipelines=0 84f9a2b9 MiniMax H3 sampling — step 14/20
05:44:09 iconic waiter: overnight_surprise.py still running
05:44:12 waiting jokes: jobs=7 pipelines=0 84f9a2b9 MiniMax H3 sampling — step 15/20
05:44:32 waiting jokes: jobs=7 pipelines=0 84f9a2b9 MiniMax H3 sampling — step 16/20
05:44:39 iconic waiter: overnight_surprise.py still running
05:44:52 waiting jokes: jobs=7 pipelines=0 84f9a2b9 MiniMax H3 sampling — step 16/20
05:45:09 iconic waiter: overnight_surprise.py still running
05:45:12 waiting jokes: jobs=7 pipelines=0 84f9a2b9 MiniMax H3 sampling — step 17/20
05:45:32 waiting jokes: jobs=7 pipelines=0 84f9a2b9 MiniMax H3 sampling — step 17/20
05:45:39 iconic waiter: overnight_surprise.py still running
05:45:52 waiting jokes: jobs=7 pipelines=0 84f9a2b9 MiniMax H3 sampling — step 18/20
05:46:09 iconic waiter: overnight_surprise.py still running
05:46:12 waiting jokes: jobs=7 pipelines=0 84f9a2b9 MiniMax H3 sampling — step 19/20
05:46:32 waiting jokes: jobs=7 pipelines=0 84f9a2b9 MiniMax H3 sampling — step 19/20
05:46:39 iconic waiter: overnight_surprise.py still running
05:46:52 waiting jokes: jobs=7 pipelines=0 84f9a2b9 MiniMax H3 sampling complete (20/20); decoding video and audio…
05:47:09 iconic waiter: overnight_surprise.py still running
05:47:12 waiting jokes: jobs=7 pipelines=0 84f9a2b9 MiniMax H3 sampling complete (20/20); decoding video and audio…
05:47:32 waiting jokes: jobs=6 pipelines=0 a82abedf Queued
05:47:39 iconic waiter: overnight_surprise.py still running
05:47:52 waiting jokes: jobs=6 pipelines=0 a82abedf Loading MiniMax H3 and generating native video + stereo audio…
05:48:09 iconic waiter: overnight_surprise.py still running
05:48:12 waiting jokes: jobs=6 pipelines=0 a82abedf Loading MiniMax H3 and generating native video + stereo audio…
05:48:32 waiting jokes: jobs=6 pipelines=0 a82abedf Loading MiniMax H3 and generating native video + stereo audio…
05:48:39 iconic waiter: overnight_surprise.py still running
05:48:52 waiting jokes: jobs=6 pipelines=0 a82abedf Loading MiniMax H3 and generating native video + stereo audio…
05:49:10 iconic waiter: overnight_surprise.py still running
05:49:12 waiting jokes: jobs=6 pipelines=0 a82abedf Loading MiniMax H3 and generating native video + stereo audio…
05:49:32 waiting jokes: jobs=6 pipelines=0 a82abedf Loading MiniMax H3 and generating native video + stereo audio…
05:49:40 iconic waiter: overnight_surprise.py still running
05:49:52 waiting jokes: jobs=6 pipelines=0 a82abedf MiniMax H3 sampling — step 1/20
05:50:10 iconic waiter: overnight_surprise.py still running
05:50:12 waiting jokes: jobs=6 pipelines=0 a82abedf MiniMax H3 sampling — step 2/20
05:50:32 waiting jokes: jobs=6 pipelines=0 a82abedf MiniMax H3 sampling — step 3/20
05:50:40 iconic waiter: overnight_surprise.py still running
05:50:52 waiting jokes: jobs=6 pipelines=0 a82abedf MiniMax H3 sampling — step 4/20
05:51:10 iconic waiter: overnight_surprise.py still running
05:51:12 waiting jokes: jobs=6 pipelines=0 a82abedf MiniMax H3 sampling — step 5/20
05:51:32 waiting jokes: jobs=6 pipelines=0 a82abedf MiniMax H3 sampling — step 6/20
05:51:40 iconic waiter: overnight_surprise.py still running
05:51:52 waiting jokes: jobs=6 pipelines=0 a82abedf MiniMax H3 sampling — step 7/20
05:52:10 iconic waiter: overnight_surprise.py still running
05:52:12 waiting jokes: jobs=6 pipelines=0 a82abedf MiniMax H3 sampling — step 8/20
05:52:32 waiting jokes: jobs=6 pipelines=0 a82abedf MiniMax H3 sampling — step 9/20
05:52:40 iconic waiter: overnight_surprise.py still running
05:52:52 waiting jokes: jobs=6 pipelines=0 a82abedf MiniMax H3 sampling — step 10/20
05:53:10 iconic waiter: overnight_surprise.py still running
05:53:12 waiting jokes: jobs=6 pipelines=0 a82abedf MiniMax H3 sampling — step 11/20
05:53:32 waiting jokes: jobs=6 pipelines=0 a82abedf MiniMax H3 sampling — step 12/20
05:53:40 iconic waiter: overnight_surprise.py still running
05:53:52 waiting jokes: jobs=6 pipelines=0 a82abedf MiniMax H3 sampling — step 13/20
05:54:10 iconic waiter: overnight_surprise.py still running
05:54:12 waiting jokes: jobs=6 pipelines=0 a82abedf MiniMax H3 sampling — step 14/20
05:54:32 waiting jokes: jobs=6 pipelines=0 a82abedf MiniMax H3 sampling — step 15/20
05:54:40 iconic waiter: overnight_surprise.py still running
05:54:52 waiting jokes: jobs=6 pipelines=0 a82abedf MiniMax H3 sampling — step 16/20
05:55:10 iconic waiter: overnight_surprise.py still running
05:55:12 waiting jokes: jobs=6 pipelines=0 a82abedf MiniMax H3 sampling — step 16/20
05:55:32 waiting jokes: jobs=6 pipelines=0 a82abedf MiniMax H3 sampling — step 17/20
05:55:40 iconic waiter: overnight_surprise.py still running
05:55:52 waiting jokes: jobs=6 pipelines=0 a82abedf MiniMax H3 sampling — step 18/20
05:56:10 iconic waiter: overnight_surprise.py still running
05:56:12 waiting jokes: jobs=6 pipelines=0 a82abedf MiniMax H3 sampling — step 19/20
05:56:32 waiting jokes: jobs=6 pipelines=0 a82abedf MiniMax H3 sampling complete (20/20); decoding video and audio…
05:56:40 iconic waiter: overnight_surprise.py still running
05:56:52 waiting jokes: jobs=6 pipelines=0 a82abedf MiniMax H3 sampling complete (20/20); decoding video and audio…
05:57:10 iconic waiter: overnight_surprise.py still running
05:57:13 waiting jokes: jobs=5 pipelines=0 48be3b2f Loading MiniMax H3 and generating native video + stereo audio…
05:57:33 waiting jokes: jobs=5 pipelines=0 48be3b2f Loading MiniMax H3 and generating native video + stereo audio…
05:57:40 iconic waiter: overnight_surprise.py still running
05:57:53 waiting jokes: jobs=5 pipelines=0 48be3b2f Loading MiniMax H3 and generating native video + stereo audio…
05:58:10 iconic waiter: overnight_surprise.py still running
05:58:13 waiting jokes: jobs=5 pipelines=0 48be3b2f Loading MiniMax H3 and generating native video + stereo audio…
05:58:33 waiting jokes: jobs=5 pipelines=0 48be3b2f Loading MiniMax H3 and generating native video + stereo audio…
05:58:40 iconic waiter: overnight_surprise.py still running
05:58:53 waiting jokes: jobs=5 pipelines=0 48be3b2f Loading MiniMax H3 and generating native video + stereo audio…
05:59:10 iconic waiter: overnight_surprise.py still running
05:59:13 waiting jokes: jobs=5 pipelines=0 48be3b2f Loading MiniMax H3 and generating native video + stereo audio…
05:59:33 waiting jokes: jobs=5 pipelines=0 48be3b2f MiniMax H3 sampling — step 1/20
05:59:40 iconic waiter: overnight_surprise.py still running
05:59:53 waiting jokes: jobs=5 pipelines=0 48be3b2f MiniMax H3 sampling — step 2/20
06:00:10 iconic waiter: overnight_surprise.py still running
06:00:13 waiting jokes: jobs=5 pipelines=0 48be3b2f MiniMax H3 sampling — step 3/20
06:00:33 waiting jokes: jobs=5 pipelines=0 48be3b2f MiniMax H3 sampling — step 4/20
06:00:40 iconic waiter: overnight_surprise.py still running
06:00:53 waiting jokes: jobs=5 pipelines=0 48be3b2f MiniMax H3 sampling — step 4/20
06:01:10 iconic waiter: overnight_surprise.py still running
06:01:13 waiting jokes: jobs=5 pipelines=0 48be3b2f MiniMax H3 sampling — step 5/20
06:01:33 waiting jokes: jobs=5 pipelines=0 48be3b2f MiniMax H3 sampling — step 6/20
06:01:40 iconic waiter: overnight_surprise.py still running
06:01:53 waiting jokes: jobs=5 pipelines=0 48be3b2f MiniMax H3 sampling — step 6/20
06:02:10 iconic waiter: overnight_surprise.py still running
06:02:13 waiting jokes: jobs=5 pipelines=0 48be3b2f MiniMax H3 sampling — step 7/20
06:02:33 waiting jokes: jobs=5 pipelines=0 48be3b2f MiniMax H3 sampling — step 8/20
06:02:40 iconic waiter: overnight_surprise.py still running
06:02:53 waiting jokes: jobs=5 pipelines=0 48be3b2f MiniMax H3 sampling — step 9/20
06:03:10 iconic waiter: overnight_surprise.py still running
06:03:13 waiting jokes: jobs=5 pipelines=0 48be3b2f MiniMax H3 sampling — step 9/20
06:03:33 waiting jokes: jobs=5 pipelines=0 48be3b2f MiniMax H3 sampling — step 10/20
06:03:40 iconic waiter: overnight_surprise.py still running
06:03:53 waiting jokes: jobs=5 pipelines=0 48be3b2f MiniMax H3 sampling — step 11/20
06:04:10 iconic waiter: overnight_surprise.py still running
06:04:13 waiting jokes: jobs=5 pipelines=0 48be3b2f MiniMax H3 sampling — step 11/20
06:04:33 waiting jokes: jobs=5 pipelines=0 48be3b2f MiniMax H3 sampling — step 12/20
06:04:40 iconic waiter: overnight_surprise.py still running
06:04:53 waiting jokes: jobs=5 pipelines=0 48be3b2f MiniMax H3 sampling — step 13/20
06:05:11 iconic waiter: overnight_surprise.py still running
06:05:13 waiting jokes: jobs=5 pipelines=0 48be3b2f MiniMax H3 sampling — step 13/20
06:05:33 waiting jokes: jobs=5 pipelines=0 48be3b2f MiniMax H3 sampling — step 14/20
06:05:41 iconic waiter: overnight_surprise.py still running
06:05:53 waiting jokes: jobs=5 pipelines=0 48be3b2f MiniMax H3 sampling — step 15/20
06:06:11 iconic waiter: overnight_surprise.py still running
06:06:13 waiting jokes: jobs=5 pipelines=0 48be3b2f MiniMax H3 sampling — step 16/20
06:06:33 waiting jokes: jobs=5 pipelines=0 48be3b2f MiniMax H3 sampling — step 16/20
06:06:41 iconic waiter: overnight_surprise.py still running
06:06:53 waiting jokes: jobs=5 pipelines=0 48be3b2f MiniMax H3 sampling — step 17/20
06:07:11 iconic waiter: overnight_surprise.py still running
06:07:13 waiting jokes: jobs=5 pipelines=0 48be3b2f MiniMax H3 sampling — step 18/20
06:07:33 waiting jokes: jobs=5 pipelines=0 48be3b2f MiniMax H3 sampling — step 18/20
06:07:41 iconic waiter: overnight_surprise.py still running
06:07:53 waiting jokes: jobs=5 pipelines=0 48be3b2f MiniMax H3 sampling — step 19/20
06:08:11 iconic waiter: overnight_surprise.py still running
06:08:14 waiting jokes: jobs=5 pipelines=0 48be3b2f MiniMax H3 sampling complete (20/20); decoding video and audio…
06:08:34 waiting jokes: jobs=5 pipelines=0 48be3b2f MiniMax H3 sampling complete (20/20); decoding video and audio…
06:08:41 iconic waiter: overnight_surprise.py still running
06:08:54 waiting jokes: jobs=5 pipelines=0 48be3b2f MiniMax H3 sampling complete (20/20); decoding video and audio…
06:09:11 iconic waiter: overnight_surprise.py still running
06:09:14 waiting jokes: jobs=4 pipelines=0 16e75b0c Loading MiniMax H3 and generating native video + stereo audio…
06:09:34 waiting jokes: jobs=4 pipelines=0 16e75b0c Loading MiniMax H3 and generating native video + stereo audio…
06:09:41 iconic waiter: overnight_surprise.py still running
06:09:54 waiting jokes: jobs=4 pipelines=0 16e75b0c Loading MiniMax H3 and generating native video + stereo audio…
06:10:11 iconic waiter: overnight_surprise.py still running
06:10:14 waiting jokes: jobs=4 pipelines=0 16e75b0c Loading MiniMax H3 and generating native video + stereo audio…
06:10:34 waiting jokes: jobs=4 pipelines=0 16e75b0c Loading MiniMax H3 and generating native video + stereo audio…
06:10:41 iconic waiter: overnight_surprise.py still running
06:10:54 waiting jokes: jobs=4 pipelines=0 16e75b0c Loading MiniMax H3 and generating native video + stereo audio…
06:11:11 iconic waiter: overnight_surprise.py still running
06:11:14 waiting jokes: jobs=4 pipelines=0 16e75b0c MiniMax H3 sampling — step 1/20
06:11:34 waiting jokes: jobs=4 pipelines=0 16e75b0c MiniMax H3 sampling — step 2/20
06:11:41 iconic waiter: overnight_surprise.py still running
06:11:54 waiting jokes: jobs=4 pipelines=0 16e75b0c MiniMax H3 sampling — step 4/20
06:12:11 iconic waiter: overnight_surprise.py still running
06:12:14 waiting jokes: jobs=4 pipelines=0 16e75b0c MiniMax H3 sampling — step 5/20
06:12:34 waiting jokes: jobs=4 pipelines=0 16e75b0c MiniMax H3 sampling — step 6/20
06:12:41 iconic waiter: overnight_surprise.py still running
06:12:54 waiting jokes: jobs=4 pipelines=0 16e75b0c MiniMax H3 sampling — step 7/20
06:13:11 iconic waiter: overnight_surprise.py still running
06:13:14 waiting jokes: jobs=4 pipelines=0 16e75b0c MiniMax H3 sampling — step 8/20
06:13:34 waiting jokes: jobs=4 pipelines=0 16e75b0c MiniMax H3 sampling — step 10/20
06:13:41 iconic waiter: overnight_surprise.py still running
06:13:54 waiting jokes: jobs=4 pipelines=0 16e75b0c MiniMax H3 sampling — step 11/20
06:14:11 iconic waiter: overnight_surprise.py still running
06:14:14 waiting jokes: jobs=4 pipelines=0 16e75b0c MiniMax H3 sampling — step 12/20
06:14:34 waiting jokes: jobs=4 pipelines=0 16e75b0c MiniMax H3 sampling — step 13/20
06:14:41 iconic waiter: overnight_surprise.py still running
06:14:54 waiting jokes: jobs=4 pipelines=0 16e75b0c MiniMax H3 sampling — step 14/20
06:15:11 iconic waiter: overnight_surprise.py still running
06:15:31 waiting jokes: jobs=4 pipelines=0 16e75b0c MiniMax H3 sampling — step 16/20
06:15:41 iconic waiter: overnight_surprise.py still running
06:15:52 waiting jokes: jobs=4 pipelines=0 16e75b0c MiniMax H3 sampling — step 18/20
06:16:11 iconic waiter: overnight_surprise.py still running
06:16:12 waiting jokes: jobs=4 pipelines=0 16e75b0c MiniMax H3 sampling — step 19/20
06:16:32 waiting jokes: jobs=4 pipelines=0 16e75b0c MiniMax H3 sampling — step 19/20
06:16:41 iconic waiter: overnight_surprise.py still running
06:16:56 waiting jokes: jobs=4 pipelines=0 16e75b0c MiniMax H3 sampling complete (20/20); decoding video and audio…
06:17:11 iconic waiter: overnight_surprise.py still running
06:17:16 waiting jokes: jobs=4 pipelines=0 16e75b0c MiniMax H3 sampling complete (20/20); decoding video and audio…
06:17:36 waiting jokes: jobs=4 pipelines=0 16e75b0c MiniMax H3 sampling complete (20/20); decoding video and audio…
06:17:41 iconic waiter: overnight_surprise.py still running
06:17:56 waiting jokes: jobs=4 pipelines=0 16e75b0c MiniMax H3 sampling complete (20/20); decoding video and audio…
06:18:20 waiting jokes: jobs=4 pipelines=0 16e75b0c MiniMax H3 sampling complete (20/20); decoding video and audio…
06:18:22 iconic waiter: overnight_surprise.py still running
06:18:41 waiting jokes: jobs=3 pipelines=0 2426942a Loading MiniMax H3 and generating native video + stereo audio…
06:18:52 iconic waiter: overnight_surprise.py still running
06:19:01 waiting jokes: jobs=3 pipelines=0 2426942a Loading MiniMax H3 and generating native video + stereo audio…
06:19:21 waiting jokes: jobs=3 pipelines=0 2426942a Loading MiniMax H3 and generating native video + stereo audio…
06:19:22 iconic waiter: overnight_surprise.py still running
06:19:41 waiting jokes: jobs=3 pipelines=0 2426942a Loading MiniMax H3 and generating native video + stereo audio…
06:19:52 iconic waiter: overnight_surprise.py still running
06:20:01 waiting jokes: jobs=3 pipelines=0 2426942a Loading MiniMax H3 and generating native video + stereo audio…
06:20:21 waiting jokes: jobs=3 pipelines=0 2426942a Loading MiniMax H3 and generating native video + stereo audio…
06:20:22 iconic waiter: overnight_surprise.py still running
06:20:41 waiting jokes: jobs=3 pipelines=0 2426942a MiniMax H3 sampling — step 1/20
06:20:52 iconic waiter: overnight_surprise.py still running
06:21:01 waiting jokes: jobs=3 pipelines=0 2426942a MiniMax H3 sampling — step 2/20
06:21:21 waiting jokes: jobs=3 pipelines=0 2426942a MiniMax H3 sampling — step 3/20
06:21:22 iconic waiter: overnight_surprise.py still running
06:21:41 waiting jokes: jobs=3 pipelines=0 2426942a MiniMax H3 sampling — step 4/20
06:21:52 iconic waiter: overnight_surprise.py still running
06:22:01 waiting jokes: jobs=3 pipelines=0 2426942a MiniMax H3 sampling — step 4/20
06:22:21 waiting jokes: jobs=3 pipelines=0 2426942a MiniMax H3 sampling — step 5/20
06:22:22 iconic waiter: overnight_surprise.py still running
06:22:41 waiting jokes: jobs=3 pipelines=0 2426942a MiniMax H3 sampling — step 6/20
06:22:52 iconic waiter: overnight_surprise.py still running
06:23:01 waiting jokes: jobs=3 pipelines=0 2426942a MiniMax H3 sampling — step 7/20
06:23:21 waiting jokes: jobs=3 pipelines=0 2426942a MiniMax H3 sampling — step 8/20
06:23:22 iconic waiter: overnight_surprise.py still running
06:23:41 waiting jokes: jobs=3 pipelines=0 2426942a MiniMax H3 sampling — step 9/20
06:23:52 iconic waiter: overnight_surprise.py still running
06:24:01 waiting jokes: jobs=3 pipelines=0 2426942a MiniMax H3 sampling — step 10/20
06:24:21 waiting jokes: jobs=3 pipelines=0 2426942a MiniMax H3 sampling — step 10/20
06:24:22 iconic waiter: overnight_surprise.py still running
06:24:41 waiting jokes: jobs=3 pipelines=0 2426942a MiniMax H3 sampling — step 11/20
06:24:52 iconic waiter: overnight_surprise.py still running
06:25:01 waiting jokes: jobs=3 pipelines=0 2426942a MiniMax H3 sampling — step 12/20
06:25:21 waiting jokes: jobs=3 pipelines=0 2426942a MiniMax H3 sampling — step 13/20
06:25:22 iconic waiter: overnight_surprise.py still running
06:25:41 waiting jokes: jobs=3 pipelines=0 2426942a MiniMax H3 sampling — step 14/20
06:25:52 iconic waiter: overnight_surprise.py still running
06:26:01 waiting jokes: jobs=3 pipelines=0 2426942a MiniMax H3 sampling — step 15/20
06:26:21 waiting jokes: jobs=3 pipelines=0 2426942a MiniMax H3 sampling — step 16/20
06:26:22 iconic waiter: overnight_surprise.py still running
06:26:41 waiting jokes: jobs=3 pipelines=0 2426942a MiniMax H3 sampling — step 16/20
06:26:52 iconic waiter: overnight_surprise.py still running
06:27:01 waiting jokes: jobs=3 pipelines=0 2426942a MiniMax H3 sampling — step 17/20
06:27:21 waiting jokes: jobs=3 pipelines=0 2426942a MiniMax H3 sampling — step 18/20
06:27:22 iconic waiter: overnight_surprise.py still running
06:27:41 waiting jokes: jobs=3 pipelines=0 2426942a MiniMax H3 sampling — step 19/20
06:27:52 iconic waiter: overnight_surprise.py still running
06:28:01 waiting jokes: jobs=3 pipelines=0 2426942a MiniMax H3 sampling complete (20/20); decoding video and audio…
06:28:21 waiting jokes: jobs=3 pipelines=0 2426942a MiniMax H3 sampling complete (20/20); decoding video and audio…
06:28:22 iconic waiter: overnight_surprise.py still running
06:28:41 waiting jokes: jobs=3 pipelines=0 2426942a MiniMax H3 sampling complete (20/20); decoding video and audio…
06:28:53 iconic waiter: overnight_surprise.py still running
06:29:01 waiting jokes: jobs=2 pipelines=0 7e66f8cb Loading MiniMax H3 and generating native video + stereo audio…
06:29:21 waiting jokes: jobs=2 pipelines=0 7e66f8cb Loading MiniMax H3 and generating native video + stereo audio…
06:29:23 iconic waiter: overnight_surprise.py still running
06:29:42 waiting jokes: jobs=2 pipelines=0 7e66f8cb Loading MiniMax H3 and generating native video + stereo audio…
06:29:53 iconic waiter: overnight_surprise.py still running
06:30:02 waiting jokes: jobs=2 pipelines=0 7e66f8cb Loading MiniMax H3 and generating native video + stereo audio…
06:30:22 waiting jokes: jobs=2 pipelines=0 7e66f8cb Loading MiniMax H3 and generating native video + stereo audio…
06:30:23 iconic waiter: overnight_surprise.py still running
06:30:42 waiting jokes: jobs=2 pipelines=0 7e66f8cb Loading MiniMax H3 and generating native video + stereo audio…
06:30:54 iconic waiter: overnight_surprise.py still running
06:31:02 waiting jokes: jobs=2 pipelines=0 7e66f8cb MiniMax H3 sampling — step 1/20
06:31:22 waiting jokes: jobs=2 pipelines=0 7e66f8cb MiniMax H3 sampling — step 2/20
06:31:24 iconic waiter: overnight_surprise.py still running
06:31:42 waiting jokes: jobs=2 pipelines=0 7e66f8cb MiniMax H3 sampling — step 3/20
06:31:54 iconic waiter: overnight_surprise.py still running
06:32:02 waiting jokes: jobs=2 pipelines=0 7e66f8cb MiniMax H3 sampling — step 4/20
06:32:22 waiting jokes: jobs=2 pipelines=0 7e66f8cb MiniMax H3 sampling — step 5/20
06:32:24 iconic waiter: overnight_surprise.py still running
06:32:42 waiting jokes: jobs=2 pipelines=0 7e66f8cb MiniMax H3 sampling — step 6/20
06:32:54 iconic waiter: overnight_surprise.py still running
06:33:02 waiting jokes: jobs=2 pipelines=0 7e66f8cb MiniMax H3 sampling — step 7/20
06:33:22 waiting jokes: jobs=2 pipelines=0 7e66f8cb MiniMax H3 sampling — step 8/20
06:33:24 iconic waiter: overnight_surprise.py still running
06:33:42 waiting jokes: jobs=2 pipelines=0 7e66f8cb MiniMax H3 sampling — step 9/20
06:33:54 iconic waiter: overnight_surprise.py still running
06:34:02 waiting jokes: jobs=2 pipelines=0 7e66f8cb MiniMax H3 sampling — step 10/20
06:34:22 waiting jokes: jobs=2 pipelines=0 7e66f8cb MiniMax H3 sampling — step 11/20
06:34:24 iconic waiter: overnight_surprise.py still running
06:34:42 waiting jokes: jobs=2 pipelines=0 7e66f8cb MiniMax H3 sampling — step 12/20
06:34:54 iconic waiter: overnight_surprise.py still running
06:35:02 waiting jokes: jobs=2 pipelines=0 7e66f8cb MiniMax H3 sampling — step 13/20
06:35:22 waiting jokes: jobs=2 pipelines=0 7e66f8cb MiniMax H3 sampling — step 14/20
06:35:24 iconic waiter: overnight_surprise.py still running
06:35:42 waiting jokes: jobs=2 pipelines=0 7e66f8cb MiniMax H3 sampling — step 15/20
06:35:54 iconic waiter: overnight_surprise.py still running
06:36:02 waiting jokes: jobs=2 pipelines=0 7e66f8cb MiniMax H3 sampling — step 16/20
06:36:22 waiting jokes: jobs=2 pipelines=0 7e66f8cb MiniMax H3 sampling — step 17/20
06:36:24 iconic waiter: overnight_surprise.py still running
06:36:42 waiting jokes: jobs=2 pipelines=0 7e66f8cb MiniMax H3 sampling — step 17/20
06:36:54 iconic waiter: overnight_surprise.py still running
06:37:02 waiting jokes: jobs=2 pipelines=0 7e66f8cb MiniMax H3 sampling — step 18/20
06:37:22 waiting jokes: jobs=2 pipelines=0 7e66f8cb MiniMax H3 sampling — step 19/20
06:37:24 iconic waiter: overnight_surprise.py still running
06:37:42 waiting jokes: jobs=2 pipelines=0 7e66f8cb MiniMax H3 sampling complete (20/20); decoding video and audio…
06:37:54 iconic waiter: overnight_surprise.py still running
06:38:02 waiting jokes: jobs=2 pipelines=0 7e66f8cb MiniMax H3 sampling complete (20/20); decoding video and audio…
06:38:22 waiting jokes: jobs=2 pipelines=0 7e66f8cb MiniMax H3 sampling complete (20/20); decoding video and audio…
06:38:24 iconic waiter: overnight_surprise.py still running
06:38:42 waiting jokes: jobs=1 pipelines=0 27cc24b0 Loading MiniMax H3 and generating native video + stereo audio…
06:38:54 iconic waiter: overnight_surprise.py still running
06:39:02 waiting jokes: jobs=1 pipelines=0 27cc24b0 Loading MiniMax H3 and generating native video + stereo audio…
06:39:22 waiting jokes: jobs=1 pipelines=0 27cc24b0 Loading MiniMax H3 and generating native video + stereo audio…
06:39:24 iconic waiter: overnight_surprise.py still running
06:39:42 waiting jokes: jobs=1 pipelines=0 27cc24b0 Loading MiniMax H3 and generating native video + stereo audio…
06:39:54 iconic waiter: overnight_surprise.py still running
06:40:02 waiting jokes: jobs=1 pipelines=0 27cc24b0 Loading MiniMax H3 and generating native video + stereo audio…
06:40:22 waiting jokes: jobs=1 pipelines=0 27cc24b0 Loading MiniMax H3 and generating native video + stereo audio…
06:40:24 iconic waiter: overnight_surprise.py still running
06:40:42 waiting jokes: jobs=1 pipelines=0 27cc24b0 Loading MiniMax H3 and generating native video + stereo audio…
06:40:54 iconic waiter: overnight_surprise.py still running
06:41:02 waiting jokes: jobs=1 pipelines=0 27cc24b0 Loading MiniMax H3 and generating native video + stereo audio…
06:41:22 waiting jokes: jobs=1 pipelines=0 27cc24b0 MiniMax H3 sampling — step 1/20
06:41:24 iconic waiter: overnight_surprise.py still running
06:41:42 waiting jokes: jobs=1 pipelines=0 27cc24b0 MiniMax H3 sampling — step 2/20
06:41:54 iconic waiter: overnight_surprise.py still running
06:42:02 waiting jokes: jobs=1 pipelines=0 27cc24b0 MiniMax H3 sampling — step 3/20
06:42:22 waiting jokes: jobs=1 pipelines=0 27cc24b0 MiniMax H3 sampling — step 4/20
06:42:24 iconic waiter: overnight_surprise.py still running
06:42:42 waiting jokes: jobs=1 pipelines=0 27cc24b0 MiniMax H3 sampling — step 5/20
06:42:54 iconic waiter: overnight_surprise.py still running
06:43:02 waiting jokes: jobs=1 pipelines=0 27cc24b0 MiniMax H3 sampling — step 6/20
06:43:22 waiting jokes: jobs=1 pipelines=0 27cc24b0 MiniMax H3 sampling — step 7/20
06:43:24 iconic waiter: overnight_surprise.py still running
06:43:42 waiting jokes: jobs=1 pipelines=0 27cc24b0 MiniMax H3 sampling — step 8/20
06:43:54 iconic waiter: overnight_surprise.py still running
06:44:03 waiting jokes: jobs=1 pipelines=0 27cc24b0 MiniMax H3 sampling — step 9/20
06:44:23 waiting jokes: jobs=1 pipelines=0 27cc24b0 MiniMax H3 sampling — step 10/20
06:44:24 iconic waiter: overnight_surprise.py still running
06:44:43 waiting jokes: jobs=1 pipelines=0 27cc24b0 MiniMax H3 sampling — step 11/20
06:44:54 iconic waiter: overnight_surprise.py still running
06:45:03 waiting jokes: jobs=1 pipelines=0 27cc24b0 MiniMax H3 sampling — step 12/20
06:45:23 waiting jokes: jobs=1 pipelines=0 27cc24b0 MiniMax H3 sampling — step 13/20
06:45:24 iconic waiter: overnight_surprise.py still running
06:45:43 waiting jokes: jobs=1 pipelines=0 27cc24b0 MiniMax H3 sampling — step 14/20
06:45:54 iconic waiter: overnight_surprise.py still running
06:46:03 waiting jokes: jobs=1 pipelines=0 27cc24b0 MiniMax H3 sampling — step 15/20
06:46:23 waiting jokes: jobs=1 pipelines=0 27cc24b0 MiniMax H3 sampling — step 16/20
06:46:24 iconic waiter: overnight_surprise.py still running
06:46:43 waiting jokes: jobs=1 pipelines=0 27cc24b0 MiniMax H3 sampling — step 17/20
06:46:54 iconic waiter: overnight_surprise.py still running
06:47:03 waiting jokes: jobs=1 pipelines=0 27cc24b0 MiniMax H3 sampling — step 18/20
06:47:23 waiting jokes: jobs=1 pipelines=0 27cc24b0 MiniMax H3 sampling — step 19/20
06:47:25 iconic waiter: overnight_surprise.py still running
06:47:43 waiting jokes: jobs=1 pipelines=0 27cc24b0 MiniMax H3 sampling complete (20/20); decoding video and audio…
06:47:55 iconic waiter: overnight_surprise.py still running
06:48:03 waiting jokes: jobs=1 pipelines=0 27cc24b0 MiniMax H3 sampling complete (20/20); decoding video and audio…
06:48:23 waiting jokes: jobs=1 pipelines=0 27cc24b0 MiniMax H3 sampling complete (20/20); decoding video and audio…
06:48:25 iconic waiter: overnight_surprise.py still running
06:48:43 idle: jokes
06:48:43 sequence moria 8 shots
06:48:46 queued moria/columnas: 2089add3
06:48:51 queued moria/tambores: f4eeabbf
06:48:51 queued moria/puente: 17aa1f36
06:48:51 queued moria/balrog: 70f42f83
06:48:52 queued moria/no-puedes-pasar: 8a122c73
06:48:53 queued moria/azote: ef21cbe5
06:48:54 queued moria/caida: fc9bd51f
06:48:54 queued moria/huida: 79e69665
06:48:54 job 2089add3 running: Loading MiniMax H3 and generating native video + stereo audio…
06:48:55 iconic waiter: overnight_surprise.py still running
06:49:14 job 2089add3 running: Loading MiniMax H3 and generating native video + stereo audio…
06:49:25 iconic waiter: overnight_surprise.py still running
06:49:34 job 2089add3 running: Loading MiniMax H3 and generating native video + stereo audio…
06:49:55 job 2089add3 running: Loading MiniMax H3 and generating native video + stereo audio…
06:49:55 iconic waiter: overnight_surprise.py still running
06:50:15 job 2089add3 running: Loading MiniMax H3 and generating native video + stereo audio…
06:50:25 iconic waiter: overnight_surprise.py still running
06:50:35 job 2089add3 running: Loading MiniMax H3 and generating native video + stereo audio…
06:50:55 job 2089add3 running: MiniMax H3 sampling — step 1/20
06:50:55 iconic waiter: overnight_surprise.py still running
06:51:15 job 2089add3 running: MiniMax H3 sampling — step 2/20
06:51:25 iconic waiter: overnight_surprise.py still running
06:51:35 job 2089add3 running: MiniMax H3 sampling — step 4/20
06:51:55 job 2089add3 running: MiniMax H3 sampling — step 5/20
06:51:55 iconic waiter: overnight_surprise.py still running
06:52:15 job 2089add3 running: MiniMax H3 sampling — step 6/20
06:52:25 iconic waiter: overnight_surprise.py still running
06:52:35 job 2089add3 running: MiniMax H3 sampling — step 7/20
06:52:55 job 2089add3 running: MiniMax H3 sampling — step 8/20
06:52:55 iconic waiter: overnight_surprise.py still running
06:53:15 job 2089add3 running: MiniMax H3 sampling — step 10/20
06:53:25 iconic waiter: overnight_surprise.py still running
06:53:35 job 2089add3 running: MiniMax H3 sampling — step 11/20
06:53:55 job 2089add3 running: MiniMax H3 sampling — step 12/20
06:53:55 iconic waiter: overnight_surprise.py still running
06:54:15 job 2089add3 running: MiniMax H3 sampling — step 13/20
06:54:25 iconic waiter: overnight_surprise.py still running
06:54:35 job 2089add3 running: MiniMax H3 sampling — step 14/20
06:54:55 job 2089add3 running: MiniMax H3 sampling — step 16/20
06:54:55 iconic waiter: overnight_surprise.py still running
06:55:15 job 2089add3 running: MiniMax H3 sampling — step 17/20
06:55:25 iconic waiter: overnight_surprise.py still running
06:55:35 job 2089add3 running: MiniMax H3 sampling — step 18/20
06:55:55 job 2089add3 running: MiniMax H3 sampling — step 19/20
06:55:55 iconic waiter: overnight_surprise.py still running
06:56:15 job 2089add3 running: MiniMax H3 sampling complete (20/20); decoding video and audio…
06:56:25 iconic waiter: overnight_surprise.py still running
06:56:35 job 2089add3 running: MiniMax H3 sampling complete (20/20); decoding video and audio…
06:56:55 job 2089add3 completed: Done
06:56:55 done 2089add3 minimax_h3_2089add3.mp4
06:56:55 job f4eeabbf running: Loading MiniMax H3 and generating native video + stereo audio…
06:56:55 iconic waiter: overnight_surprise.py still running
06:57:15 job f4eeabbf running: Loading MiniMax H3 and generating native video + stereo audio…
06:57:26 iconic waiter: overnight_surprise.py still running
06:57:35 job f4eeabbf running: Loading MiniMax H3 and generating native video + stereo audio…
06:57:55 job f4eeabbf running: Loading MiniMax H3 and generating native video + stereo audio…
06:57:56 iconic waiter: overnight_surprise.py still running
06:58:15 job f4eeabbf running: Loading MiniMax H3 and generating native video + stereo audio…
06:58:26 iconic waiter: overnight_surprise.py still running
06:58:35 job f4eeabbf running: Loading MiniMax H3 and generating native video + stereo audio…
06:58:55 job f4eeabbf running: MiniMax H3 sampling — step 2/20
06:58:56 iconic waiter: overnight_surprise.py still running
06:59:15 job f4eeabbf running: MiniMax H3 sampling — step 4/20
06:59:26 iconic waiter: overnight_surprise.py still running
06:59:35 job f4eeabbf running: MiniMax H3 sampling — step 5/20
06:59:55 job f4eeabbf running: MiniMax H3 sampling — step 7/20
06:59:56 iconic waiter: overnight_surprise.py still running
07:00:15 job f4eeabbf running: MiniMax H3 sampling — step 9/20
07:00:26 iconic waiter: overnight_surprise.py still running
07:00:35 job f4eeabbf running: MiniMax H3 sampling — step 11/20
07:00:55 job f4eeabbf running: MiniMax H3 sampling — step 12/20
07:00:56 iconic waiter: overnight_surprise.py still running
07:01:15 job f4eeabbf running: MiniMax H3 sampling — step 14/20
07:01:26 iconic waiter: overnight_surprise.py still running
07:01:35 job f4eeabbf running: MiniMax H3 sampling — step 16/20
07:01:55 job f4eeabbf running: MiniMax H3 sampling — step 18/20
07:01:56 iconic waiter: overnight_surprise.py still running
07:02:15 job f4eeabbf running: MiniMax H3 sampling complete (20/20); decoding video and audio…
07:02:26 iconic waiter: overnight_surprise.py still running
07:02:35 job f4eeabbf running: MiniMax H3 sampling complete (20/20); decoding video and audio…
07:02:55 job f4eeabbf completed: Done
07:02:55 done f4eeabbf minimax_h3_f4eeabbf.mp4
07:02:55 job 17aa1f36 running: Loading MiniMax H3 and generating native video + stereo audio…
07:02:56 iconic waiter: overnight_surprise.py still running
07:03:15 job 17aa1f36 running: Loading MiniMax H3 and generating native video + stereo audio…
07:03:26 iconic waiter: overnight_surprise.py still running
07:03:35 job 17aa1f36 running: Loading MiniMax H3 and generating native video + stereo audio…
07:03:55 job 17aa1f36 running: Loading MiniMax H3 and generating native video + stereo audio…
07:03:56 iconic waiter: overnight_surprise.py still running
07:04:16 job 17aa1f36 running: Loading MiniMax H3 and generating native video + stereo audio…
07:04:26 iconic waiter: overnight_surprise.py still running
07:04:36 job 17aa1f36 running: Loading MiniMax H3 and generating native video + stereo audio…
07:04:56 job 17aa1f36 running: MiniMax H3 sampling — step 1/20
07:04:56 iconic waiter: overnight_surprise.py still running
07:05:16 job 17aa1f36 running: MiniMax H3 sampling — step 2/20
07:05:26 iconic waiter: overnight_surprise.py still running
07:05:36 job 17aa1f36 running: MiniMax H3 sampling — step 3/20
07:05:56 job 17aa1f36 running: MiniMax H3 sampling — step 5/20
07:05:56 iconic waiter: overnight_surprise.py still running
07:06:16 job 17aa1f36 running: MiniMax H3 sampling — step 6/20
07:06:26 iconic waiter: overnight_surprise.py still running
07:06:36 job 17aa1f36 running: MiniMax H3 sampling — step 7/20
07:06:56 job 17aa1f36 running: MiniMax H3 sampling — step 8/20
07:06:56 iconic waiter: overnight_surprise.py still running
07:07:16 job 17aa1f36 running: MiniMax H3 sampling — step 9/20
07:07:26 iconic waiter: overnight_surprise.py still running
07:07:36 job 17aa1f36 running: MiniMax H3 sampling — step 11/20
07:07:56 job 17aa1f36 running: MiniMax H3 sampling — step 12/20
07:07:56 iconic waiter: overnight_surprise.py still running
07:08:16 job 17aa1f36 running: MiniMax H3 sampling — step 13/20
07:08:26 iconic waiter: overnight_surprise.py still running
07:08:36 job 17aa1f36 running: MiniMax H3 sampling — step 14/20
07:08:56 job 17aa1f36 running: MiniMax H3 sampling — step 15/20
07:08:56 iconic waiter: overnight_surprise.py still running
07:09:16 job 17aa1f36 running: MiniMax H3 sampling — step 17/20
07:09:26 iconic waiter: overnight_surprise.py still running
07:09:36 job 17aa1f36 running: MiniMax H3 sampling — step 18/20
07:09:56 job 17aa1f36 running: MiniMax H3 sampling — step 19/20
07:09:56 iconic waiter: overnight_surprise.py still running
07:10:16 job 17aa1f36 running: MiniMax H3 sampling complete (20/20); decoding video and audio…
07:10:26 iconic waiter: overnight_surprise.py still running
07:10:36 job 17aa1f36 running: MiniMax H3 sampling complete (20/20); decoding video and audio…
07:10:56 job 17aa1f36 running: MiniMax H3 sampling complete (20/20); decoding video and audio…
07:10:56 iconic waiter: overnight_surprise.py still running
07:11:16 job 17aa1f36 completed: Done
07:11:16 done 17aa1f36 minimax_h3_17aa1f36.mp4
07:11:16 job 70f42f83 running: Loading MiniMax H3 and generating native video + stereo audio…
07:11:26 iconic waiter: overnight_surprise.py still running
07:11:36 job 70f42f83 running: Loading MiniMax H3 and generating native video + stereo audio…
07:11:56 job 70f42f83 running: Loading MiniMax H3 and generating native video + stereo audio…
07:11:57 iconic waiter: overnight_surprise.py still running
07:12:16 job 70f42f83 running: Loading MiniMax H3 and generating native video + stereo audio…
07:12:27 iconic waiter: overnight_surprise.py still running
07:12:36 job 70f42f83 running: Loading MiniMax H3 and generating native video + stereo audio…
07:12:56 job 70f42f83 running: Loading MiniMax H3 and generating native video + stereo audio…
07:12:57 iconic waiter: overnight_surprise.py still running
07:13:16 job 70f42f83 running: Loading MiniMax H3 and generating native video + stereo audio…
07:13:27 iconic waiter: overnight_surprise.py still running
07:13:36 job 70f42f83 running: Loading MiniMax H3 and generating native video + stereo audio…
07:13:56 job 70f42f83 running: MiniMax H3 sampling — step 1/20
07:13:57 iconic waiter: overnight_surprise.py still running
07:14:16 job 70f42f83 running: MiniMax H3 sampling — step 2/20
07:14:27 iconic waiter: overnight_surprise.py still running
07:14:36 job 70f42f83 running: MiniMax H3 sampling — step 3/20
07:14:56 job 70f42f83 running: MiniMax H3 sampling — step 4/20
07:14:57 iconic waiter: overnight_surprise.py still running
07:15:16 job 70f42f83 running: MiniMax H3 sampling — step 5/20
07:15:27 iconic waiter: overnight_surprise.py still running
07:15:36 job 70f42f83 running: MiniMax H3 sampling — step 6/20
07:15:56 job 70f42f83 running: MiniMax H3 sampling — step 6/20
07:15:57 iconic waiter: overnight_surprise.py still running
07:16:16 job 70f42f83 running: MiniMax H3 sampling — step 7/20
07:16:27 iconic waiter: overnight_surprise.py still running
07:16:36 job 70f42f83 running: MiniMax H3 sampling — step 8/20
07:16:56 job 70f42f83 running: MiniMax H3 sampling — step 9/20
07:16:57 iconic waiter: overnight_surprise.py still running
07:17:16 job 70f42f83 running: MiniMax H3 sampling — step 10/20
07:17:27 iconic waiter: overnight_surprise.py still running
07:17:36 job 70f42f83 running: MiniMax H3 sampling — step 11/20
07:17:56 job 70f42f83 running: MiniMax H3 sampling — step 12/20
07:17:57 iconic waiter: overnight_surprise.py still running
07:18:16 job 70f42f83 running: MiniMax H3 sampling — step 12/20
07:18:27 iconic waiter: overnight_surprise.py still running
07:18:36 job 70f42f83 running: MiniMax H3 sampling — step 13/20
07:18:56 job 70f42f83 running: MiniMax H3 sampling — step 14/20
07:18:57 iconic waiter: overnight_surprise.py still running
07:19:16 job 70f42f83 running: MiniMax H3 sampling — step 15/20
07:19:27 iconic waiter: overnight_surprise.py still running
07:19:36 job 70f42f83 running: MiniMax H3 sampling — step 16/20
07:19:56 job 70f42f83 running: MiniMax H3 sampling — step 17/20
07:19:57 iconic waiter: overnight_surprise.py still running
07:20:17 job 70f42f83 running: MiniMax H3 sampling — step 18/20
07:20:27 iconic waiter: overnight_surprise.py still running
07:20:37 job 70f42f83 running: MiniMax H3 sampling — step 18/20
07:20:57 job 70f42f83 running: MiniMax H3 sampling — step 19/20
07:20:57 iconic waiter: overnight_surprise.py still running
07:21:17 job 70f42f83 running: MiniMax H3 sampling complete (20/20); decoding video and audio…
07:21:27 iconic waiter: overnight_surprise.py still running
07:21:37 job 70f42f83 running: MiniMax H3 sampling complete (20/20); decoding video and audio…
07:21:57 job 70f42f83 completed: Done
07:21:57 done 70f42f83 minimax_h3_70f42f83.mp4
07:21:57 job 8a122c73 queued: Queued
07:21:57 iconic waiter: overnight_surprise.py still running
07:22:17 job 8a122c73 running: Loading MiniMax H3 and generating native video + stereo audio…
07:22:27 iconic waiter: overnight_surprise.py still running
07:22:37 job 8a122c73 running: Loading MiniMax H3 and generating native video + stereo audio…
07:22:57 job 8a122c73 running: Loading MiniMax H3 and generating native video + stereo audio…
07:22:57 iconic waiter: overnight_surprise.py still running
07:23:17 job 8a122c73 running: Loading MiniMax H3 and generating native video + stereo audio…
07:23:27 iconic waiter: overnight_surprise.py still running
07:23:37 job 8a122c73 running: Loading MiniMax H3 and generating native video + stereo audio…
07:23:57 job 8a122c73 running: Loading MiniMax H3 and generating native video + stereo audio…
07:23:57 iconic waiter: overnight_surprise.py still running
07:24:17 job 8a122c73 running: MiniMax H3 sampling — step 4/20
07:24:27 iconic waiter: overnight_surprise.py still running
07:24:37 job 8a122c73 running: MiniMax H3 sampling — step 8/20
07:24:57 job 8a122c73 running: MiniMax H3 sampling — step 12/20
07:24:57 iconic waiter: overnight_surprise.py still running
07:25:17 job 8a122c73 running: MiniMax H3 sampling — step 15/20
07:25:27 iconic waiter: overnight_surprise.py still running
07:25:37 job 8a122c73 running: MiniMax H3 sampling — step 19/20
07:25:57 job 8a122c73 running: MiniMax H3 sampling complete (20/20); decoding video and audio…
07:25:57 iconic waiter: overnight_surprise.py still running
07:26:17 job 8a122c73 completed: Done
07:26:17 done 8a122c73 minimax_h3_8a122c73.mp4
07:26:17 job ef21cbe5 running: Loading MiniMax H3 and generating native video + stereo audio…
07:26:27 iconic waiter: overnight_surprise.py still running
07:26:37 job ef21cbe5 running: Loading MiniMax H3 and generating native video + stereo audio…
07:26:57 job ef21cbe5 running: Loading MiniMax H3 and generating native video + stereo audio…
07:26:57 iconic waiter: overnight_surprise.py still running
07:27:17 job ef21cbe5 running: Loading MiniMax H3 and generating native video + stereo audio…
07:27:28 iconic waiter: overnight_surprise.py still running
07:27:37 job ef21cbe5 running: Loading MiniMax H3 and generating native video + stereo audio…
07:27:57 job ef21cbe5 running: Loading MiniMax H3 and generating native video + stereo audio…
07:27:58 iconic waiter: overnight_surprise.py still running
07:28:17 job ef21cbe5 running: MiniMax H3 sampling — step 1/20
07:28:28 iconic waiter: overnight_surprise.py still running
07:28:37 job ef21cbe5 running: MiniMax H3 sampling — step 2/20
07:28:57 job ef21cbe5 running: MiniMax H3 sampling — step 4/20
07:28:58 iconic waiter: overnight_surprise.py still running
07:29:17 job ef21cbe5 running: MiniMax H3 sampling — step 5/20
07:29:28 iconic waiter: overnight_surprise.py still running
07:29:37 job ef21cbe5 running: MiniMax H3 sampling — step 6/20
07:29:57 job ef21cbe5 running: MiniMax H3 sampling — step 7/20
07:29:58 iconic waiter: overnight_surprise.py still running
07:30:17 job ef21cbe5 running: MiniMax H3 sampling — step 8/20
07:30:28 iconic waiter: overnight_surprise.py still running
07:30:37 job ef21cbe5 running: MiniMax H3 sampling — step 10/20
07:30:57 job ef21cbe5 running: MiniMax H3 sampling — step 11/20
07:30:58 iconic waiter: overnight_surprise.py still running
07:31:17 job ef21cbe5 running: MiniMax H3 sampling — step 12/20
07:31:28 iconic waiter: overnight_surprise.py still running
07:31:37 job ef21cbe5 running: MiniMax H3 sampling — step 13/20
07:31:57 job ef21cbe5 running: MiniMax H3 sampling — step 14/20
07:31:58 iconic waiter: overnight_surprise.py still running
07:32:17 job ef21cbe5 running: MiniMax H3 sampling — step 16/20
07:32:28 iconic waiter: overnight_surprise.py still running
07:32:37 job ef21cbe5 running: MiniMax H3 sampling — step 17/20
07:32:57 job ef21cbe5 running: MiniMax H3 sampling — step 18/20
07:32:58 iconic waiter: overnight_surprise.py still running
07:33:17 job ef21cbe5 running: MiniMax H3 sampling — step 19/20
07:33:28 iconic waiter: overnight_surprise.py still running
07:33:37 job ef21cbe5 running: MiniMax H3 sampling complete (20/20); decoding video and audio…
07:33:57 job ef21cbe5 running: MiniMax H3 sampling complete (20/20); decoding video and audio…
07:33:58 iconic waiter: overnight_surprise.py still running
07:34:17 job ef21cbe5 completed: Done
07:34:17 done ef21cbe5 minimax_h3_ef21cbe5.mp4
07:34:17 job fc9bd51f running: Loading MiniMax H3 and generating native video + stereo audio…
07:34:28 iconic waiter: overnight_surprise.py still running
07:34:37 job fc9bd51f running: Loading MiniMax H3 and generating native video + stereo audio…
07:34:57 job fc9bd51f running: Loading MiniMax H3 and generating native video + stereo audio…
07:34:58 iconic waiter: overnight_surprise.py still running
07:35:17 job fc9bd51f running: Loading MiniMax H3 and generating native video + stereo audio…
07:35:28 iconic waiter: overnight_surprise.py still running
07:35:38 job fc9bd51f running: Loading MiniMax H3 and generating native video + stereo audio…
07:35:58 job fc9bd51f running: Loading MiniMax H3 and generating native video + stereo audio…
07:35:58 iconic waiter: overnight_surprise.py still running
07:36:18 job fc9bd51f running: MiniMax H3 sampling — step 3/20
07:36:28 iconic waiter: overnight_surprise.py still running
07:36:38 job fc9bd51f running: MiniMax H3 sampling — step 7/20
07:36:58 job fc9bd51f running: MiniMax H3 sampling — step 11/20
07:36:58 iconic waiter: overnight_surprise.py still running
07:37:18 job fc9bd51f running: MiniMax H3 sampling — step 14/20
07:37:28 iconic waiter: overnight_surprise.py still running
07:37:38 job fc9bd51f running: MiniMax H3 sampling — step 18/20
07:37:58 job fc9bd51f running: MiniMax H3 sampling complete (20/20); decoding video and audio…
07:37:58 iconic waiter: overnight_surprise.py still running
07:38:18 job fc9bd51f completed: Done
07:38:18 done fc9bd51f minimax_h3_fc9bd51f.mp4
07:38:18 job 79e69665 running: Starting the isolated MiniMax H3 runtime…
07:38:28 iconic waiter: overnight_surprise.py still running
07:38:38 job 79e69665 running: Loading MiniMax H3 and generating native video + stereo audio…
07:38:58 job 79e69665 running: Loading MiniMax H3 and generating native video + stereo audio…
07:38:58 iconic waiter: overnight_surprise.py still running
07:39:18 job 79e69665 running: Loading MiniMax H3 and generating native video + stereo audio…
07:39:28 iconic waiter: overnight_surprise.py still running
07:39:38 job 79e69665 running: Loading MiniMax H3 and generating native video + stereo audio…
07:39:58 job 79e69665 running: Loading MiniMax H3 and generating native video + stereo audio…
07:39:58 iconic waiter: overnight_surprise.py still running
07:40:18 job 79e69665 running: MiniMax H3 sampling — step 1/20
07:40:28 iconic waiter: overnight_surprise.py still running
07:40:38 job 79e69665 running: MiniMax H3 sampling — step 2/20
07:40:58 job 79e69665 running: MiniMax H3 sampling — step 3/20
07:40:58 iconic waiter: overnight_surprise.py still running
07:41:18 job 79e69665 running: MiniMax H3 sampling — step 5/20
07:41:29 iconic waiter: overnight_surprise.py still running
07:41:38 job 79e69665 running: MiniMax H3 sampling — step 6/20
07:41:58 job 79e69665 running: MiniMax H3 sampling — step 7/20
07:41:59 iconic waiter: overnight_surprise.py still running
07:42:18 job 79e69665 running: MiniMax H3 sampling — step 8/20
07:42:29 iconic waiter: overnight_surprise.py still running
07:42:38 job 79e69665 running: MiniMax H3 sampling — step 9/20
07:42:58 job 79e69665 running: MiniMax H3 sampling — step 10/20
07:42:59 iconic waiter: overnight_surprise.py still running
07:43:18 job 79e69665 running: MiniMax H3 sampling — step 12/20
07:43:29 iconic waiter: overnight_surprise.py still running
07:43:38 job 79e69665 running: MiniMax H3 sampling — step 13/20
07:43:58 job 79e69665 running: MiniMax H3 sampling — step 14/20
07:43:59 iconic waiter: overnight_surprise.py still running
07:44:18 job 79e69665 running: MiniMax H3 sampling — step 15/20
07:44:29 iconic waiter: overnight_surprise.py still running
07:44:38 job 79e69665 running: MiniMax H3 sampling — step 16/20
07:44:58 job 79e69665 running: MiniMax H3 sampling — step 18/20
07:44:59 iconic waiter: overnight_surprise.py still running
07:45:18 job 79e69665 running: MiniMax H3 sampling — step 19/20
07:45:29 iconic waiter: overnight_surprise.py still running
07:45:38 job 79e69665 running: MiniMax H3 sampling complete (20/20); decoding video and audio…
07:45:58 job 79e69665 running: MiniMax H3 sampling complete (20/20); decoding video and audio…
07:45:59 iconic waiter: overnight_surprise.py still running
07:46:18 job 79e69665 completed: Done
07:46:18 done 79e69665 minimax_h3_79e69665.mp4
07:46:18 concat overnight_moria_multiclip.mp4
07:46:21 sequence done overnight_moria_multiclip.mp4
07:46:21 sequence weathertop 6 shots
07:46:21 queued weathertop/ruinas: 69ddeff2
07:46:27 queued weathertop/nazgul: eb64c94c
07:46:27 queued weathertop/anillo: 95319fd5
07:46:27 queued weathertop/herida: 8da99513
07:46:28 queued weathertop/antorcha: 9a7ec6df
07:46:29 queued weathertop/alba: 7088023c
07:46:29 iconic waiter: overnight_surprise.py still running
07:46:29 job 69ddeff2 running: Loading MiniMax H3 and generating native video + stereo audio…
07:46:49 job 69ddeff2 running: Loading MiniMax H3 and generating native video + stereo audio…
07:46:59 iconic waiter: overnight_surprise.py still running
07:47:09 job 69ddeff2 running: Loading MiniMax H3 and generating native video + stereo audio…
07:47:29 iconic waiter: overnight_surprise.py still running
07:47:29 job 69ddeff2 running: Loading MiniMax H3 and generating native video + stereo audio…
07:47:49 job 69ddeff2 running: Loading MiniMax H3 and generating native video + stereo audio…
07:47:59 iconic waiter: overnight_surprise.py still running
07:48:09 job 69ddeff2 running: Loading MiniMax H3 and generating native video + stereo audio…
07:48:29 iconic waiter: overnight_surprise.py still running
07:48:29 job 69ddeff2 running: MiniMax H3 sampling — step 1/20
07:48:49 job 69ddeff2 running: MiniMax H3 sampling — step 2/20
07:48:59 iconic waiter: overnight_surprise.py still running
07:49:09 job 69ddeff2 running: MiniMax H3 sampling — step 3/20
07:49:29 iconic waiter: overnight_surprise.py still running
07:49:29 job 69ddeff2 running: MiniMax H3 sampling — step 5/20
07:49:49 job 69ddeff2 running: MiniMax H3 sampling — step 6/20
07:49:59 iconic waiter: overnight_surprise.py still running
07:50:09 job 69ddeff2 running: MiniMax H3 sampling — step 7/20
07:50:29 iconic waiter: overnight_surprise.py still running
07:50:29 job 69ddeff2 running: MiniMax H3 sampling — step 8/20
07:50:49 job 69ddeff2 running: MiniMax H3 sampling — step 9/20
07:50:59 iconic waiter: overnight_surprise.py still running
07:51:09 job 69ddeff2 running: MiniMax H3 sampling — step 11/20
07:51:29 iconic waiter: overnight_surprise.py still running
07:51:29 job 69ddeff2 running: MiniMax H3 sampling — step 12/20
07:51:49 job 69ddeff2 running: MiniMax H3 sampling — step 13/20
07:51:59 iconic waiter: overnight_surprise.py still running
07:52:09 job 69ddeff2 running: MiniMax H3 sampling — step 14/20
07:52:29 iconic waiter: overnight_surprise.py still running
07:52:29 job 69ddeff2 running: MiniMax H3 sampling — step 15/20
07:52:49 job 69ddeff2 running: MiniMax H3 sampling — step 17/20
07:52:59 iconic waiter: overnight_surprise.py still running
07:53:09 job 69ddeff2 running: MiniMax H3 sampling — step 18/20
07:53:29 iconic waiter: overnight_surprise.py still running
07:53:29 job 69ddeff2 running: MiniMax H3 sampling — step 19/20
07:53:49 job 69ddeff2 running: MiniMax H3 sampling complete (20/20); decoding video and audio…
07:53:59 iconic waiter: overnight_surprise.py still running
07:54:09 job 69ddeff2 running: MiniMax H3 sampling complete (20/20); decoding video and audio…
07:54:29 iconic waiter: overnight_surprise.py still running
07:54:29 job 69ddeff2 completed: Done
07:54:29 done 69ddeff2 minimax_h3_69ddeff2.mp4
07:54:29 job eb64c94c running: Loading MiniMax H3 and generating native video + stereo audio…
07:54:49 job eb64c94c running: Loading MiniMax H3 and generating native video + stereo audio…
07:54:59 iconic waiter: overnight_surprise.py still running
07:55:10 job eb64c94c running: Loading MiniMax H3 and generating native video + stereo audio…
07:55:29 iconic waiter: overnight_surprise.py still running
07:55:30 job eb64c94c running: Loading MiniMax H3 and generating native video + stereo audio…
07:55:50 job eb64c94c running: Loading MiniMax H3 and generating native video + stereo audio…
07:55:59 iconic waiter: overnight_surprise.py still running
07:56:10 job eb64c94c running: Loading MiniMax H3 and generating native video + stereo audio…
07:56:29 iconic waiter: overnight_surprise.py still running
07:56:30 job eb64c94c running: MiniMax H3 sampling — step 1/20
07:56:50 job eb64c94c running: MiniMax H3 sampling — step 2/20
07:57:00 iconic waiter: overnight_surprise.py still running
07:57:10 job eb64c94c running: MiniMax H3 sampling — step 4/20
07:57:30 iconic waiter: overnight_surprise.py still running
07:57:30 job eb64c94c running: MiniMax H3 sampling — step 5/20
07:57:50 job eb64c94c running: MiniMax H3 sampling — step 6/20
07:58:00 iconic waiter: overnight_surprise.py still running
07:58:10 job eb64c94c running: MiniMax H3 sampling — step 7/20
07:58:30 iconic waiter: overnight_surprise.py still running
07:58:30 job eb64c94c running: MiniMax H3 sampling — step 8/20
07:58:50 job eb64c94c running: MiniMax H3 sampling — step 10/20
07:59:00 iconic waiter: overnight_surprise.py still running
07:59:10 job eb64c94c running: MiniMax H3 sampling — step 11/20
07:59:30 iconic waiter: overnight_surprise.py still running
07:59:30 job eb64c94c running: MiniMax H3 sampling — step 12/20
07:59:50 job eb64c94c running: MiniMax H3 sampling — step 13/20
08:00:00 iconic waiter: overnight_surprise.py still running
08:00:10 job eb64c94c running: MiniMax H3 sampling — step 14/20
08:00:30 iconic waiter: overnight_surprise.py still running
08:00:30 job eb64c94c running: MiniMax H3 sampling — step 15/20
08:00:50 job eb64c94c running: MiniMax H3 sampling — step 17/20
08:01:00 iconic waiter: overnight_surprise.py still running
08:01:10 job eb64c94c running: MiniMax H3 sampling — step 18/20
08:01:30 iconic waiter: overnight_surprise.py still running
08:01:30 job eb64c94c running: MiniMax H3 sampling — step 19/20
08:01:50 job eb64c94c running: MiniMax H3 sampling complete (20/20); decoding video and audio…
08:02:00 iconic waiter: overnight_surprise.py still running
08:02:10 job eb64c94c running: MiniMax H3 sampling complete (20/20); decoding video and audio…
08:02:30 iconic waiter: overnight_surprise.py still running
08:02:30 job eb64c94c completed: Done
08:02:30 done eb64c94c minimax_h3_eb64c94c.mp4
08:02:30 job 95319fd5 running: Loading MiniMax H3 and generating native video + stereo audio…
08:02:50 job 95319fd5 running: Loading MiniMax H3 and generating native video + stereo audio…
08:03:00 iconic waiter: overnight_surprise.py still running
08:03:10 job 95319fd5 running: Loading MiniMax H3 and generating native video + stereo audio…
08:03:30 iconic waiter: overnight_surprise.py still running
08:03:30 job 95319fd5 running: Loading MiniMax H3 and generating native video + stereo audio…
08:03:50 job 95319fd5 running: Loading MiniMax H3 and generating native video + stereo audio…
08:04:00 iconic waiter: overnight_surprise.py still running
08:04:10 job 95319fd5 running: Loading MiniMax H3 and generating native video + stereo audio…
08:04:30 iconic waiter: overnight_surprise.py still running
08:04:30 job 95319fd5 running: MiniMax H3 sampling — step 1/20
08:04:50 job 95319fd5 running: MiniMax H3 sampling — step 3/20
08:05:00 iconic waiter: overnight_surprise.py still running
08:05:10 job 95319fd5 running: MiniMax H3 sampling — step 5/20
08:05:30 iconic waiter: overnight_surprise.py still running
08:05:30 job 95319fd5 running: MiniMax H3 sampling — step 7/20
08:05:50 job 95319fd5 running: MiniMax H3 sampling — step 9/20
08:06:00 iconic waiter: overnight_surprise.py still running
08:06:10 job 95319fd5 running: MiniMax H3 sampling — step 10/20
08:06:30 iconic waiter: overnight_surprise.py still running
08:06:30 job 95319fd5 running: MiniMax H3 sampling — step 12/20
08:06:50 job 95319fd5 running: MiniMax H3 sampling — step 14/20
08:07:00 iconic waiter: overnight_surprise.py still running
08:07:10 job 95319fd5 running: MiniMax H3 sampling — step 16/20
08:07:30 iconic waiter: overnight_surprise.py still running
08:07:30 job 95319fd5 running: MiniMax H3 sampling — step 17/20
08:07:50 job 95319fd5 running: MiniMax H3 sampling — step 19/20
08:08:00 iconic waiter: overnight_surprise.py still running
08:08:10 job 95319fd5 running: MiniMax H3 sampling complete (20/20); decoding video and audio…
08:08:30 iconic waiter: overnight_surprise.py still running
08:08:30 job 95319fd5 completed: Done
08:08:30 done 95319fd5 minimax_h3_95319fd5.mp4
08:08:30 job 8da99513 queued: Queued
08:08:50 job 8da99513 running: Loading MiniMax H3 and generating native video + stereo audio…
08:09:00 iconic waiter: overnight_surprise.py still running
08:09:10 job 8da99513 running: Loading MiniMax H3 and generating native video + stereo audio…
08:09:30 iconic waiter: overnight_surprise.py still running
08:09:30 job 8da99513 running: Loading MiniMax H3 and generating native video + stereo audio…
08:09:50 job 8da99513 running: Loading MiniMax H3 and generating native video + stereo audio…
08:10:00 iconic waiter: overnight_surprise.py still running
08:10:10 job 8da99513 running: Loading MiniMax H3 and generating native video + stereo audio…
08:10:30 iconic waiter: overnight_surprise.py still running
08:10:30 job 8da99513 running: MiniMax H3 sampling — step 1/20
08:10:50 job 8da99513 running: MiniMax H3 sampling — step 3/20
08:11:00 iconic waiter: overnight_surprise.py still running
08:11:11 job 8da99513 running: MiniMax H3 sampling — step 4/20
08:11:30 iconic waiter: overnight_surprise.py still running
08:11:31 job 8da99513 running: MiniMax H3 sampling — step 6/20
08:11:51 job 8da99513 running: MiniMax H3 sampling — step 8/20
08:12:00 iconic waiter: overnight_surprise.py still running
08:12:11 job 8da99513 running: MiniMax H3 sampling — step 10/20
08:12:30 iconic waiter: overnight_surprise.py still running
08:12:31 job 8da99513 running: MiniMax H3 sampling — step 12/20
08:12:51 job 8da99513 running: MiniMax H3 sampling — step 13/20
08:13:01 iconic waiter: overnight_surprise.py still running
08:13:11 job 8da99513 running: MiniMax H3 sampling — step 15/20
08:13:31 iconic waiter: overnight_surprise.py still running
08:13:31 job 8da99513 running: MiniMax H3 sampling — step 17/20
08:13:51 job 8da99513 running: MiniMax H3 sampling — step 19/20
08:14:01 iconic waiter: overnight_surprise.py still running
08:14:11 job 8da99513 running: MiniMax H3 sampling complete (20/20); decoding video and audio…
08:14:31 iconic waiter: overnight_surprise.py still running
08:14:31 job 8da99513 running: MiniMax H3 sampling complete (20/20); decoding video and audio…
08:14:51 job 8da99513 completed: Done
08:14:51 done 8da99513 minimax_h3_8da99513.mp4
08:14:51 job 9a7ec6df running: Loading MiniMax H3 and generating native video + stereo audio…
08:15:01 iconic waiter: overnight_surprise.py still running
08:15:11 job 9a7ec6df running: Loading MiniMax H3 and generating native video + stereo audio…
08:15:31 iconic waiter: overnight_surprise.py still running
08:15:31 job 9a7ec6df running: Loading MiniMax H3 and generating native video + stereo audio…
08:15:51 job 9a7ec6df running: Loading MiniMax H3 and generating native video + stereo audio…
08:16:01 iconic waiter: overnight_surprise.py still running
08:16:11 job 9a7ec6df running: Loading MiniMax H3 and generating native video + stereo audio…
08:16:31 iconic waiter: overnight_surprise.py still running
08:16:31 job 9a7ec6df running: Loading MiniMax H3 and generating native video + stereo audio…
08:16:51 job 9a7ec6df running: MiniMax H3 sampling — step 4/20
08:17:01 iconic waiter: overnight_surprise.py still running
08:17:11 job 9a7ec6df running: MiniMax H3 sampling — step 8/20
08:17:31 iconic waiter: overnight_surprise.py still running
08:17:31 job 9a7ec6df running: MiniMax H3 sampling — step 11/20
08:17:51 job 9a7ec6df running: MiniMax H3 sampling — step 15/20
08:18:01 iconic waiter: overnight_surprise.py still running
08:18:11 job 9a7ec6df running: MiniMax H3 sampling — step 19/20
08:18:31 iconic waiter: overnight_surprise.py still running
08:18:31 job 9a7ec6df running: MiniMax H3 sampling complete (20/20); decoding video and audio…
08:18:51 job 9a7ec6df completed: Done
08:18:51 done 9a7ec6df minimax_h3_9a7ec6df.mp4
08:18:51 job 7088023c running: Loading MiniMax H3 and generating native video + stereo audio…
08:19:01 iconic waiter: overnight_surprise.py still running
08:19:11 job 7088023c running: Loading MiniMax H3 and generating native video + stereo audio…
08:19:31 iconic waiter: overnight_surprise.py still running
08:19:31 job 7088023c running: Loading MiniMax H3 and generating native video + stereo audio…
08:19:51 job 7088023c running: Loading MiniMax H3 and generating native video + stereo audio…
08:20:01 iconic waiter: overnight_surprise.py still running
08:20:11 job 7088023c running: Loading MiniMax H3 and generating native video + stereo audio…
08:20:31 iconic waiter: overnight_surprise.py still running
08:20:31 job 7088023c running: Loading MiniMax H3 and generating native video + stereo audio…
08:20:51 job 7088023c running: MiniMax H3 sampling — step 3/20
08:21:01 iconic waiter: overnight_surprise.py still running
08:21:11 job 7088023c running: MiniMax H3 sampling — step 6/20
08:21:31 iconic waiter: overnight_surprise.py still running
08:21:31 job 7088023c running: MiniMax H3 sampling — step 10/20
08:21:51 job 7088023c running: MiniMax H3 sampling — step 14/20
08:22:01 iconic waiter: overnight_surprise.py still running
08:22:11 job 7088023c running: MiniMax H3 sampling — step 17/20
08:22:31 iconic waiter: overnight_surprise.py still running
08:22:31 job 7088023c running: MiniMax H3 sampling complete (20/20); decoding video and audio…
08:22:51 job 7088023c completed: Done
08:22:51 done 7088023c minimax_h3_7088023c.mp4
08:22:51 concat overnight_weathertop_multiclip.mp4
08:22:54 sequence done overnight_weathertop_multiclip.mp4
08:22:54 sequence kong_ann 6 shots
08:22:54 queued kong_ann/altar: c411f16e
08:22:56 queued kong_ann/arboles: a1a88c6d
08:22:59 queued kong_ann/mira: 3969a896
08:23:00 queued kong_ann/mano: 1bbcdb31
08:23:00 queued kong_ann/cumbre: 792bc6c5
08:23:01 queued kong_ann/amanecer: 6840ba37
08:23:01 job c411f16e running: Loading MiniMax H3 and generating native video + stereo audio…
08:23:01 iconic waiter: overnight_surprise.py still running
08:23:21 job c411f16e running: Loading MiniMax H3 and generating native video + stereo audio…
08:23:31 iconic waiter: overnight_surprise.py still running
08:23:41 job c411f16e running: Loading MiniMax H3 and generating native video + stereo audio…
08:24:01 job c411f16e running: Loading MiniMax H3 and generating native video + stereo audio…
08:24:01 iconic waiter: overnight_surprise.py still running
08:24:21 job c411f16e running: Loading MiniMax H3 and generating native video + stereo audio…
08:24:31 iconic waiter: overnight_surprise.py still running
08:24:41 job c411f16e running: Loading MiniMax H3 and generating native video + stereo audio…
08:25:01 iconic waiter: overnight_surprise.py still running
08:25:01 job c411f16e running: MiniMax H3 sampling — step 1/20
08:25:21 job c411f16e running: MiniMax H3 sampling — step 2/20
08:25:31 iconic waiter: overnight_surprise.py still running
08:25:41 job c411f16e running: MiniMax H3 sampling — step 3/20
08:26:01 iconic waiter: overnight_surprise.py still running
08:26:01 job c411f16e running: MiniMax H3 sampling — step 5/20
08:26:21 job c411f16e running: MiniMax H3 sampling — step 6/20
08:26:31 iconic waiter: overnight_surprise.py still running
08:26:41 job c411f16e running: MiniMax H3 sampling — step 7/20
08:27:01 iconic waiter: overnight_surprise.py still running
08:27:01 job c411f16e running: MiniMax H3 sampling — step 8/20
08:27:21 job c411f16e running: MiniMax H3 sampling — step 9/20
08:27:31 iconic waiter: overnight_surprise.py still running
08:27:41 job c411f16e running: MiniMax H3 sampling — step 11/20
08:28:01 iconic waiter: overnight_surprise.py still running
08:28:01 job c411f16e running: MiniMax H3 sampling — step 12/20
08:28:21 job c411f16e running: MiniMax H3 sampling — step 13/20
08:28:31 iconic waiter: overnight_surprise.py still running
08:28:41 job c411f16e running: MiniMax H3 sampling — step 14/20
08:29:01 iconic waiter: overnight_surprise.py still running
08:29:02 job c411f16e running: MiniMax H3 sampling — step 15/20
08:29:22 job c411f16e running: MiniMax H3 sampling — step 17/20
08:29:32 iconic waiter: overnight_surprise.py still running
08:29:42 job c411f16e running: MiniMax H3 sampling — step 18/20
08:30:02 iconic waiter: overnight_surprise.py still running
08:30:02 job c411f16e running: MiniMax H3 sampling — step 19/20
08:30:22 job c411f16e running: MiniMax H3 sampling complete (20/20); decoding video and audio…
08:30:32 iconic waiter: overnight_surprise.py still running
08:30:42 job c411f16e running: MiniMax H3 sampling complete (20/20); decoding video and audio…
08:31:02 iconic waiter: overnight_surprise.py still running
08:31:02 job c411f16e completed: Done
08:31:02 done c411f16e minimax_h3_c411f16e.mp4
08:31:02 job a1a88c6d running: Loading MiniMax H3 and generating native video + stereo audio…
08:31:22 job a1a88c6d running: Loading MiniMax H3 and generating native video + stereo audio…
08:31:32 iconic waiter: overnight_surprise.py still running
08:31:42 job a1a88c6d running: Loading MiniMax H3 and generating native video + stereo audio…
08:32:02 iconic waiter: overnight_surprise.py still running
08:32:02 job a1a88c6d running: Loading MiniMax H3 and generating native video + stereo audio…
08:32:22 job a1a88c6d running: Loading MiniMax H3 and generating native video + stereo audio…
08:32:32 iconic waiter: overnight_surprise.py still running
08:32:42 job a1a88c6d running: Loading MiniMax H3 and generating native video + stereo audio…
08:33:02 iconic waiter: overnight_surprise.py still running
08:33:02 job a1a88c6d running: MiniMax H3 sampling — step 1/20
08:33:22 job a1a88c6d running: MiniMax H3 sampling — step 2/20
08:33:32 iconic waiter: overnight_surprise.py still running
08:33:42 job a1a88c6d running: MiniMax H3 sampling — step 3/20
08:34:02 iconic waiter: overnight_surprise.py still running
08:34:02 job a1a88c6d running: MiniMax H3 sampling — step 5/20
08:34:22 job a1a88c6d running: MiniMax H3 sampling — step 6/20
08:34:32 iconic waiter: overnight_surprise.py still running
08:34:42 job a1a88c6d running: MiniMax H3 sampling — step 7/20
08:35:02 iconic waiter: overnight_surprise.py still running
08:35:02 job a1a88c6d running: MiniMax H3 sampling — step 8/20
08:35:22 job a1a88c6d running: MiniMax H3 sampling — step 9/20
08:35:32 iconic waiter: overnight_surprise.py still running
08:35:42 job a1a88c6d running: MiniMax H3 sampling — step 11/20
08:36:02 job a1a88c6d running: MiniMax H3 sampling — step 12/20
08:36:02 iconic waiter: overnight_surprise.py still running
08:36:22 job a1a88c6d running: MiniMax H3 sampling — step 13/20
08:36:32 iconic waiter: overnight_surprise.py still running
08:36:42 job a1a88c6d running: MiniMax H3 sampling — step 14/20
08:37:02 iconic waiter: overnight_surprise.py still running
08:37:02 job a1a88c6d running: MiniMax H3 sampling — step 15/20
08:37:22 job a1a88c6d running: MiniMax H3 sampling — step 17/20
08:37:32 iconic waiter: overnight_surprise.py still running
08:37:42 job a1a88c6d running: MiniMax H3 sampling — step 18/20
08:38:02 iconic waiter: overnight_surprise.py still running
08:38:02 job a1a88c6d running: MiniMax H3 sampling — step 19/20
08:38:22 job a1a88c6d running: MiniMax H3 sampling complete (20/20); decoding video and audio…
08:38:32 iconic waiter: overnight_surprise.py still running
08:38:42 job a1a88c6d running: MiniMax H3 sampling complete (20/20); decoding video and audio…
08:39:02 job a1a88c6d running: MiniMax H3 sampling complete (20/20); decoding video and audio…
08:39:23 job a1a88c6d running: MiniMax H3 sampling complete (20/20); decoding video and audio…
08:39:27 iconic waiter: overnight_surprise.py still running
08:39:43 job a1a88c6d completed: Done
08:39:43 done a1a88c6d minimax_h3_a1a88c6d.mp4
08:39:43 job 3969a896 running: Loading MiniMax H3 and generating native video + stereo audio…
08:39:57 iconic waiter: overnight_surprise.py still running
08:40:03 job 3969a896 running: Loading MiniMax H3 and generating native video + stereo audio…
08:40:23 job 3969a896 running: Loading MiniMax H3 and generating native video + stereo audio…
08:40:27 iconic waiter: overnight_surprise.py still running
08:40:43 job 3969a896 running: Loading MiniMax H3 and generating native video + stereo audio…
08:40:57 iconic waiter: overnight_surprise.py still running
08:41:03 job 3969a896 running: Loading MiniMax H3 and generating native video + stereo audio…
08:41:23 job 3969a896 running: Loading MiniMax H3 and generating native video + stereo audio…
08:41:27 iconic waiter: overnight_surprise.py still running
08:41:43 job 3969a896 running: MiniMax H3 sampling — step 2/20
08:41:57 iconic waiter: overnight_surprise.py still running
08:42:03 job 3969a896 running: MiniMax H3 sampling — step 6/20
08:42:23 job 3969a896 running: MiniMax H3 sampling — step 10/20
08:42:27 iconic waiter: overnight_surprise.py still running
08:42:43 job 3969a896 running: MiniMax H3 sampling — step 13/20
08:42:57 iconic waiter: overnight_surprise.py still running
08:43:03 job 3969a896 running: MiniMax H3 sampling — step 17/20
08:43:23 job 3969a896 running: MiniMax H3 sampling complete (20/20); decoding video and audio…
08:43:27 iconic waiter: overnight_surprise.py still running
08:43:43 job 3969a896 running: MiniMax H3 sampling complete (20/20); decoding video and audio…
08:43:57 iconic waiter: overnight_surprise.py still running
08:44:03 job 3969a896 completed: Done
08:44:03 done 3969a896 minimax_h3_3969a896.mp4
08:44:03 job 1bbcdb31 running: Loading MiniMax H3 and generating native video + stereo audio…
08:44:23 job 1bbcdb31 running: Loading MiniMax H3 and generating native video + stereo audio…
08:44:27 iconic waiter: overnight_surprise.py still running
08:44:43 job 1bbcdb31 running: Loading MiniMax H3 and generating native video + stereo audio…
08:44:57 iconic waiter: overnight_surprise.py still running
08:45:03 job 1bbcdb31 running: Loading MiniMax H3 and generating native video + stereo audio…
08:45:23 job 1bbcdb31 running: Loading MiniMax H3 and generating native video + stereo audio…
08:45:27 iconic waiter: overnight_surprise.py still running
08:45:43 job 1bbcdb31 running: Loading MiniMax H3 and generating native video + stereo audio…
08:45:57 iconic waiter: overnight_surprise.py still running
08:46:03 job 1bbcdb31 running: MiniMax H3 sampling — step 2/20
08:46:23 job 1bbcdb31 running: MiniMax H3 sampling — step 3/20
08:46:27 iconic waiter: overnight_surprise.py still running
08:46:43 job 1bbcdb31 running: MiniMax H3 sampling — step 4/20
08:46:57 iconic waiter: overnight_surprise.py still running
08:47:03 job 1bbcdb31 running: MiniMax H3 sampling — step 5/20
08:47:23 job 1bbcdb31 running: MiniMax H3 sampling — step 7/20
08:47:27 iconic waiter: overnight_surprise.py still running
08:47:43 job 1bbcdb31 running: MiniMax H3 sampling — step 8/20
08:47:57 iconic waiter: overnight_surprise.py still running
08:48:03 job 1bbcdb31 running: MiniMax H3 sampling — step 9/20
08:48:23 job 1bbcdb31 running: MiniMax H3 sampling — step 10/20
08:48:27 iconic waiter: overnight_surprise.py still running
08:48:43 job 1bbcdb31 running: MiniMax H3 sampling — step 11/20
08:48:57 iconic waiter: overnight_surprise.py still running
08:49:03 job 1bbcdb31 running: MiniMax H3 sampling — step 13/20
08:49:23 job 1bbcdb31 running: MiniMax H3 sampling — step 14/20
08:49:27 iconic waiter: overnight_surprise.py still running
08:49:43 job 1bbcdb31 running: MiniMax H3 sampling — step 15/20
08:49:57 iconic waiter: overnight_surprise.py still running
08:50:03 job 1bbcdb31 running: MiniMax H3 sampling — step 16/20
08:50:23 job 1bbcdb31 running: MiniMax H3 sampling — step 17/20
08:50:27 iconic waiter: overnight_surprise.py still running
08:50:43 job 1bbcdb31 running: MiniMax H3 sampling — step 19/20
08:50:57 iconic waiter: overnight_surprise.py still running
08:51:04 job 1bbcdb31 running: MiniMax H3 sampling complete (20/20); decoding video and audio…
08:51:24 job 1bbcdb31 running: MiniMax H3 sampling complete (20/20); decoding video and audio…
08:51:27 iconic waiter: overnight_surprise.py still running
08:51:44 job 1bbcdb31 completed: Done
08:51:44 done 1bbcdb31 minimax_h3_1bbcdb31.mp4
08:51:44 job 792bc6c5 running: Starting the isolated MiniMax H3 runtime…
08:51:57 iconic waiter: overnight_surprise.py still running
08:52:04 job 792bc6c5 running: Loading MiniMax H3 and generating native video + stereo audio…
08:52:24 job 792bc6c5 running: Loading MiniMax H3 and generating native video + stereo audio…
08:52:27 iconic waiter: overnight_surprise.py still running
08:52:44 job 792bc6c5 running: Loading MiniMax H3 and generating native video + stereo audio…
08:52:57 iconic waiter: overnight_surprise.py still running
08:53:04 job 792bc6c5 running: Loading MiniMax H3 and generating native video + stereo audio…
08:53:24 job 792bc6c5 running: Loading MiniMax H3 and generating native video + stereo audio…
08:53:28 iconic waiter: overnight_surprise.py still running
08:53:44 job 792bc6c5 running: Loading MiniMax H3 and generating native video + stereo audio…
08:53:58 iconic waiter: overnight_surprise.py still running
08:54:04 job 792bc6c5 running: MiniMax H3 sampling — step 1/20
08:54:24 job 792bc6c5 running: MiniMax H3 sampling — step 2/20
08:54:28 iconic waiter: overnight_surprise.py still running
08:54:44 job 792bc6c5 running: MiniMax H3 sampling — step 3/20
08:54:58 iconic waiter: overnight_surprise.py still running
08:55:04 job 792bc6c5 running: MiniMax H3 sampling — step 4/20
08:55:24 job 792bc6c5 running: MiniMax H3 sampling — step 5/20
08:55:28 iconic waiter: overnight_surprise.py still running
08:55:44 job 792bc6c5 running: MiniMax H3 sampling — step 6/20
08:55:58 iconic waiter: overnight_surprise.py still running
08:56:04 job 792bc6c5 running: MiniMax H3 sampling — step 6/20
08:56:24 job 792bc6c5 running: MiniMax H3 sampling — step 7/20
08:56:28 iconic waiter: overnight_surprise.py still running
08:56:44 job 792bc6c5 running: MiniMax H3 sampling — step 8/20
08:56:58 iconic waiter: overnight_surprise.py still running
08:57:04 job 792bc6c5 running: MiniMax H3 sampling — step 9/20
08:57:24 job 792bc6c5 running: MiniMax H3 sampling — step 10/20
08:57:28 iconic waiter: overnight_surprise.py still running
08:57:44 job 792bc6c5 running: MiniMax H3 sampling — step 11/20
08:57:58 iconic waiter: overnight_surprise.py still running
08:58:04 job 792bc6c5 running: MiniMax H3 sampling — step 12/20
08:58:24 job 792bc6c5 running: MiniMax H3 sampling — step 12/20
08:58:28 iconic waiter: overnight_surprise.py still running
08:58:44 job 792bc6c5 running: MiniMax H3 sampling — step 13/20
08:58:58 iconic waiter: overnight_surprise.py still running
08:59:04 job 792bc6c5 running: MiniMax H3 sampling — step 14/20
08:59:24 job 792bc6c5 running: MiniMax H3 sampling — step 15/20
08:59:28 iconic waiter: overnight_surprise.py still running
08:59:44 job 792bc6c5 running: MiniMax H3 sampling — step 16/20
08:59:58 iconic waiter: overnight_surprise.py still running
09:00:04 job 792bc6c5 running: MiniMax H3 sampling — step 17/20
09:00:24 job 792bc6c5 running: MiniMax H3 sampling — step 18/20
09:00:28 iconic waiter: overnight_surprise.py still running
09:00:44 job 792bc6c5 running: MiniMax H3 sampling — step 18/20
09:00:58 iconic waiter: overnight_surprise.py still running
09:01:04 job 792bc6c5 running: MiniMax H3 sampling — step 19/20
09:01:24 job 792bc6c5 running: MiniMax H3 sampling complete (20/20); decoding video and audio…
09:01:28 iconic waiter: overnight_surprise.py still running
09:01:44 job 792bc6c5 running: MiniMax H3 sampling complete (20/20); decoding video and audio…
09:01:58 iconic waiter: overnight_surprise.py still running
09:02:04 job 792bc6c5 completed: Done
09:02:04 done 792bc6c5 minimax_h3_792bc6c5.mp4
09:02:04 job 6840ba37 running: Loading MiniMax H3 and generating native video + stereo audio…
09:02:24 job 6840ba37 running: Loading MiniMax H3 and generating native video + stereo audio…
09:02:28 iconic waiter: overnight_surprise.py still running
09:02:44 job 6840ba37 running: Loading MiniMax H3 and generating native video + stereo audio…
09:02:58 iconic waiter: overnight_surprise.py still running
09:03:04 job 6840ba37 running: Loading MiniMax H3 and generating native video + stereo audio…
09:03:24 job 6840ba37 running: Loading MiniMax H3 and generating native video + stereo audio…
09:03:28 iconic waiter: overnight_surprise.py still running
09:03:45 job 6840ba37 running: Loading MiniMax H3 and generating native video + stereo audio…
09:03:58 iconic waiter: overnight_surprise.py still running
09:04:05 job 6840ba37 running: MiniMax H3 sampling — step 2/20
09:04:25 job 6840ba37 running: MiniMax H3 sampling — step 6/20
09:04:28 iconic waiter: overnight_surprise.py still running
09:04:45 job 6840ba37 running: MiniMax H3 sampling — step 10/20
09:04:58 iconic waiter: overnight_surprise.py still running
09:05:05 job 6840ba37 running: MiniMax H3 sampling — step 13/20
09:05:25 job 6840ba37 running: MiniMax H3 sampling — step 17/20
09:05:28 iconic waiter: overnight_surprise.py still running
09:05:45 job 6840ba37 running: MiniMax H3 sampling complete (20/20); decoding video and audio…
09:05:58 iconic waiter: overnight_surprise.py still running
09:06:05 job 6840ba37 running: MiniMax H3 sampling complete (20/20); decoding video and audio…
09:06:25 job 6840ba37 completed: Done
09:06:25 done 6840ba37 minimax_h3_6840ba37.mp4
09:06:25 concat overnight_kong_ann_multiclip.mp4
09:06:27 sequence done overnight_kong_ann_multiclip.mp4
09:06:27 ACE-Step song
09:06:28 iconic waiter: overnight_surprise.py still running
09:06:58 iconic waiter: overnight_surprise.py still running
09:07:28 iconic waiter: overnight_surprise.py still running
09:07:58 iconic waiter: overnight_surprise.py still running
09:08:09 song /home/ina/pinokio/api/Maestro-next.git/app/outputs/2026-08-22-09h08m08s_seed806135099_[Estrofa]Las raíces recuerdan el hachala corteza guarda el inviernosi el orco pisa el musgoel b.wav
09:08:09 sequence fangorn 6 shots
09:08:09 queued fangorn/duerme: 4551ee03
09:08:10 queued fangorn/treebeard: 95985754
09:08:10 queued fangorn/marcha: 2449b0be
09:08:14 queued fangorn/isengard: f5c78a62
09:08:15 mv fangorn failed: [Errno 104] Connection reset by peer
09:08:15 ACE-Step song
09:08:15 mv skull_island failed: <urlopen error [Errno 111] Connection refused>
09:08:15 overnight surprise finished
09:12:16 resume api up http://127.0.0.1:42004
09:12:16 idle: resume-start
09:12:16 reuse fangorn song 2026-08-22-09h08m08s_seed806135099_[Estrofa]Las raíces recuerdan el hachala corteza guarda el inviernosi el orco pisa el musgoel b.wav
09:12:16 sequence fangorn 6 shots
09:12:16 queued fangorn/duerme: 7b1cef5d
09:12:16 queued fangorn/treebeard: 09d329ff
09:12:20 queued fangorn/marcha: 468c3c91
09:12:20 queued fangorn/isengard: a012ee74
09:12:20 queued fangorn/inunda: abc6a477
09:12:21 queued fangorn/orillas: d286dd47
09:12:21 job 7b1cef5d running: Loading MiniMax H3 and generating native video + stereo audio…
09:12:41 job 7b1cef5d running: Loading MiniMax H3 and generating native video + stereo audio…
09:13:01 job 7b1cef5d running: Loading MiniMax H3 and generating native video + stereo audio…
09:13:22 job 7b1cef5d running: Loading MiniMax H3 and generating native video + stereo audio…
09:13:42 job 7b1cef5d running: Loading MiniMax H3 and generating native video + stereo audio…
09:14:02 job 7b1cef5d running: Loading MiniMax H3 and generating native video + stereo audio…
09:14:22 job 7b1cef5d running: Loading MiniMax H3 and generating native video + stereo audio…
09:14:42 job 7b1cef5d running: MiniMax H3 sampling — step 2/20
09:15:02 job 7b1cef5d running: MiniMax H3 sampling — step 3/20
09:15:22 job 7b1cef5d running: MiniMax H3 sampling — step 4/20
09:15:42 job 7b1cef5d running: MiniMax H3 sampling — step 5/20
09:16:02 job 7b1cef5d running: MiniMax H3 sampling — step 6/20
09:16:22 job 7b1cef5d running: MiniMax H3 sampling — step 8/20
09:16:42 job 7b1cef5d running: MiniMax H3 sampling — step 9/20
09:17:02 job 7b1cef5d running: MiniMax H3 sampling — step 10/20
09:17:22 job 7b1cef5d running: MiniMax H3 sampling — step 11/20
09:17:42 job 7b1cef5d running: MiniMax H3 sampling — step 12/20
09:18:02 job 7b1cef5d running: MiniMax H3 sampling — step 14/20
09:18:22 job 7b1cef5d running: MiniMax H3 sampling — step 15/20
09:18:37 more-films waiter: hold for overnight_resume.py
09:18:37 more-films waiter: resume still running
09:18:42 job 7b1cef5d running: MiniMax H3 sampling — step 16/20
09:19:02 job 7b1cef5d running: MiniMax H3 sampling — step 17/20
09:19:07 more-films waiter: resume still running
09:19:22 job 7b1cef5d running: MiniMax H3 sampling — step 18/20
09:19:37 more-films waiter: resume still running
09:19:42 job 7b1cef5d running: MiniMax H3 sampling complete (20/20); decoding video and audio…
09:20:02 job 7b1cef5d running: MiniMax H3 sampling complete (20/20); decoding video and audio…
09:20:07 more-films waiter: resume still running
09:20:22 job 7b1cef5d running: MiniMax H3 sampling complete (20/20); decoding video and audio…
09:20:37 more-films waiter: resume still running
09:20:42 job 7b1cef5d completed: Done
09:20:42 done 7b1cef5d minimax_h3_7b1cef5d.mp4
09:20:42 job 09d329ff running: Loading MiniMax H3 and generating native video + stereo audio…
09:21:02 job 09d329ff running: Loading MiniMax H3 and generating native video + stereo audio…
09:21:07 more-films waiter: resume still running
09:21:22 job 09d329ff running: Loading MiniMax H3 and generating native video + stereo audio…
09:21:37 more-films waiter: resume still running
09:21:42 job 09d329ff running: Loading MiniMax H3 and generating native video + stereo audio…
09:22:02 job 09d329ff running: Loading MiniMax H3 and generating native video + stereo audio…
09:22:07 more-films waiter: resume still running
09:22:22 job 09d329ff running: Loading MiniMax H3 and generating native video + stereo audio…
09:22:37 more-films waiter: resume still running
09:22:42 job 09d329ff running: MiniMax H3 sampling — step 1/20
09:23:02 job 09d329ff running: MiniMax H3 sampling — step 2/20
09:23:07 more-films waiter: resume still running
09:23:22 job 09d329ff running: MiniMax H3 sampling — step 3/20
09:23:37 more-films waiter: resume still running
09:23:42 job 09d329ff running: MiniMax H3 sampling — step 4/20
09:24:02 job 09d329ff running: MiniMax H3 sampling — step 6/20
09:24:07 more-films waiter: resume still running
09:24:22 job 09d329ff running: MiniMax H3 sampling — step 7/20
09:24:37 more-films waiter: resume still running
09:24:42 job 09d329ff running: MiniMax H3 sampling — step 8/20
09:25:02 job 09d329ff running: MiniMax H3 sampling — step 9/20
09:25:07 more-films waiter: resume still running
09:25:22 job 09d329ff running: MiniMax H3 sampling — step 10/20
09:25:37 more-films waiter: resume still running
09:25:42 job 09d329ff running: MiniMax H3 sampling — step 12/20
09:26:02 job 09d329ff running: MiniMax H3 sampling — step 13/20
09:26:07 more-films waiter: resume still running
09:26:23 job 09d329ff running: MiniMax H3 sampling — step 14/20
09:26:37 more-films waiter: resume still running
09:26:43 job 09d329ff running: MiniMax H3 sampling — step 15/20
09:27:03 job 09d329ff running: MiniMax H3 sampling — step 16/20
09:27:07 more-films waiter: resume still running
09:27:23 job 09d329ff running: MiniMax H3 sampling — step 18/20
09:27:37 more-films waiter: resume still running
09:27:43 job 09d329ff running: MiniMax H3 sampling — step 19/20
09:28:03 job 09d329ff running: MiniMax H3 sampling complete (20/20); decoding video and audio…
09:28:07 more-films waiter: resume still running
09:28:23 job 09d329ff running: MiniMax H3 sampling complete (20/20); decoding video and audio…
09:28:37 more-films waiter: resume still running
09:28:43 job 09d329ff completed: Done
09:28:43 done 09d329ff minimax_h3_09d329ff.mp4
09:28:43 job 468c3c91 running: Starting the isolated MiniMax H3 runtime…
09:29:03 job 468c3c91 running: Loading MiniMax H3 and generating native video + stereo audio…
09:29:07 more-films waiter: resume still running
09:29:23 job 468c3c91 running: Loading MiniMax H3 and generating native video + stereo audio…
09:29:38 more-films waiter: resume still running
09:29:43 job 468c3c91 running: Loading MiniMax H3 and generating native video + stereo audio…
09:30:03 job 468c3c91 running: Loading MiniMax H3 and generating native video + stereo audio…
09:30:08 more-films waiter: resume still running
09:30:23 job 468c3c91 running: Loading MiniMax H3 and generating native video + stereo audio…
09:30:38 more-films waiter: resume still running
09:30:43 job 468c3c91 running: Loading MiniMax H3 and generating native video + stereo audio…
09:31:03 job 468c3c91 running: MiniMax H3 sampling — step 1/20
09:31:08 more-films waiter: resume still running
09:31:23 job 468c3c91 running: MiniMax H3 sampling — step 2/20
09:31:38 more-films waiter: resume still running
09:31:43 job 468c3c91 running: MiniMax H3 sampling — step 3/20
09:32:03 job 468c3c91 running: MiniMax H3 sampling — step 4/20
09:32:08 more-films waiter: resume still running
09:32:23 job 468c3c91 running: MiniMax H3 sampling — step 5/20
09:32:38 more-films waiter: resume still running
09:32:43 job 468c3c91 running: MiniMax H3 sampling — step 6/20
09:33:03 job 468c3c91 running: MiniMax H3 sampling — step 7/20
09:33:08 more-films waiter: resume still running
09:33:23 job 468c3c91 running: MiniMax H3 sampling — step 7/20
09:33:38 more-films waiter: resume still running
09:33:43 job 468c3c91 running: MiniMax H3 sampling — step 8/20
09:34:03 job 468c3c91 running: MiniMax H3 sampling — step 9/20
09:34:08 more-films waiter: resume still running
09:34:23 job 468c3c91 running: MiniMax H3 sampling — step 10/20
09:34:38 more-films waiter: resume still running
09:34:43 job 468c3c91 running: MiniMax H3 sampling — step 11/20
09:35:03 job 468c3c91 running: MiniMax H3 sampling — step 12/20
09:35:08 more-films waiter: resume still running
09:35:23 job 468c3c91 running: MiniMax H3 sampling — step 13/20
09:35:38 more-films waiter: resume still running
09:35:43 job 468c3c91 running: MiniMax H3 sampling — step 13/20
09:36:03 job 468c3c91 running: MiniMax H3 sampling — step 14/20
09:36:08 more-films waiter: resume still running
09:36:23 job 468c3c91 running: MiniMax H3 sampling — step 15/20
09:36:38 more-films waiter: resume still running
09:36:43 job 468c3c91 running: MiniMax H3 sampling — step 16/20
09:37:03 job 468c3c91 running: MiniMax H3 sampling — step 17/20
09:37:08 more-films waiter: resume still running
09:37:23 job 468c3c91 running: MiniMax H3 sampling — step 18/20
09:37:38 more-films waiter: resume still running
09:37:43 job 468c3c91 running: MiniMax H3 sampling — step 19/20
09:38:03 job 468c3c91 running: MiniMax H3 sampling complete (20/20); decoding video and audio…
09:38:08 more-films waiter: resume still running
09:38:23 job 468c3c91 running: MiniMax H3 sampling complete (20/20); decoding video and audio…
09:38:38 more-films waiter: resume still running
09:38:43 job 468c3c91 running: MiniMax H3 sampling complete (20/20); decoding video and audio…
09:39:03 job 468c3c91 completed: Done
09:39:03 done 468c3c91 minimax_h3_468c3c91.mp4
09:39:03 job a012ee74 running: Starting the isolated MiniMax H3 runtime…
09:39:08 more-films waiter: resume still running
09:39:23 job a012ee74 running: Loading MiniMax H3 and generating native video + stereo audio…
09:39:38 more-films waiter: resume still running
09:39:43 job a012ee74 running: Loading MiniMax H3 and generating native video + stereo audio…
09:40:04 job a012ee74 running: Loading MiniMax H3 and generating native video + stereo audio…
09:40:08 more-films waiter: resume still running
09:40:24 job a012ee74 running: Loading MiniMax H3 and generating native video + stereo audio…
09:40:39 more-films waiter: resume still running
09:40:44 job a012ee74 running: Loading MiniMax H3 and generating native video + stereo audio…
09:41:04 job a012ee74 running: Loading MiniMax H3 and generating native video + stereo audio…
09:41:09 more-films waiter: resume still running
09:41:24 job a012ee74 running: MiniMax H3 sampling — step 2/20
09:41:39 more-films waiter: resume still running
09:41:44 job a012ee74 running: MiniMax H3 sampling — step 3/20
09:42:04 job a012ee74 running: MiniMax H3 sampling — step 4/20
09:42:09 more-films waiter: resume still running
09:42:24 job a012ee74 running: MiniMax H3 sampling — step 5/20
09:42:39 more-films waiter: resume still running
09:42:44 job a012ee74 running: MiniMax H3 sampling — step 7/20
09:43:04 job a012ee74 running: MiniMax H3 sampling — step 8/20
09:43:09 more-films waiter: resume still running
09:43:24 job a012ee74 running: MiniMax H3 sampling — step 9/20
09:43:39 more-films waiter: resume still running
09:43:44 job a012ee74 running: MiniMax H3 sampling — step 10/20
09:44:04 job a012ee74 running: MiniMax H3 sampling — step 11/20
09:44:09 more-films waiter: resume still running
09:44:24 job a012ee74 running: MiniMax H3 sampling — step 13/20
09:44:39 more-films waiter: resume still running
09:44:44 job a012ee74 running: MiniMax H3 sampling — step 14/20
09:45:04 job a012ee74 running: MiniMax H3 sampling — step 15/20
09:45:09 more-films waiter: resume still running
09:45:24 job a012ee74 running: MiniMax H3 sampling — step 16/20
09:45:39 more-films waiter: resume still running
09:45:44 job a012ee74 running: MiniMax H3 sampling — step 17/20
09:46:04 job a012ee74 running: MiniMax H3 sampling — step 19/20
09:46:09 more-films waiter: resume still running
09:46:24 job a012ee74 running: MiniMax H3 sampling complete (20/20); decoding video and audio…
09:46:39 more-films waiter: resume still running
09:46:44 job a012ee74 running: MiniMax H3 sampling complete (20/20); decoding video and audio…
09:47:04 job a012ee74 completed: Done
09:47:04 done a012ee74 minimax_h3_a012ee74.mp4
09:47:04 job abc6a477 running: Preparing...
09:47:09 more-films waiter: resume still running
09:47:24 job abc6a477 running: Loading MiniMax H3 and generating native video + stereo audio…
09:47:39 more-films waiter: resume still running
09:47:44 job abc6a477 running: Loading MiniMax H3 and generating native video + stereo audio…
09:48:04 job abc6a477 running: Loading MiniMax H3 and generating native video + stereo audio…
09:48:09 more-films waiter: resume still running
09:48:24 job abc6a477 running: Loading MiniMax H3 and generating native video + stereo audio…
09:48:39 more-films waiter: resume still running
09:48:44 job abc6a477 running: Loading MiniMax H3 and generating native video + stereo audio…
09:49:04 job abc6a477 running: Loading MiniMax H3 and generating native video + stereo audio…
09:49:09 more-films waiter: resume still running
09:49:24 job abc6a477 running: MiniMax H3 sampling — step 2/20
09:49:39 more-films waiter: resume still running
09:49:44 job abc6a477 running: MiniMax H3 sampling — step 3/20
09:50:05 job abc6a477 running: MiniMax H3 sampling — step 4/20
09:50:09 more-films waiter: resume still running
09:50:25 job abc6a477 running: MiniMax H3 sampling — step 5/20
09:50:39 more-films waiter: resume still running
09:50:45 job abc6a477 running: MiniMax H3 sampling — step 7/20
09:51:05 job abc6a477 running: MiniMax H3 sampling — step 8/20
09:51:09 more-films waiter: resume still running
09:51:25 job abc6a477 running: MiniMax H3 sampling — step 9/20
09:51:39 more-films waiter: resume still running
09:51:45 job abc6a477 running: MiniMax H3 sampling — step 10/20
09:52:05 job abc6a477 running: MiniMax H3 sampling — step 11/20
09:52:09 more-films waiter: resume still running
09:52:25 job abc6a477 running: MiniMax H3 sampling — step 13/20
09:52:39 more-films waiter: resume still running
09:52:45 job abc6a477 running: MiniMax H3 sampling — step 14/20
09:53:05 job abc6a477 running: MiniMax H3 sampling — step 15/20
09:53:09 more-films waiter: resume still running
09:53:25 job abc6a477 running: MiniMax H3 sampling — step 16/20
09:53:39 more-films waiter: resume still running
09:53:45 job abc6a477 running: MiniMax H3 sampling — step 17/20
09:54:05 job abc6a477 running: MiniMax H3 sampling — step 19/20
09:54:09 more-films waiter: resume still running
09:54:25 job abc6a477 running: MiniMax H3 sampling complete (20/20); decoding video and audio…
09:54:39 more-films waiter: resume still running
09:54:45 job abc6a477 running: MiniMax H3 sampling complete (20/20); decoding video and audio…
09:55:05 job abc6a477 completed: Done
09:55:05 done abc6a477 minimax_h3_abc6a477.mp4
09:55:05 job d286dd47 running: Starting the isolated MiniMax H3 runtime…
09:55:09 more-films waiter: resume still running
09:55:25 job d286dd47 running: Loading MiniMax H3 and generating native video + stereo audio…
09:55:39 more-films waiter: resume still running
09:55:45 job d286dd47 running: Loading MiniMax H3 and generating native video + stereo audio…
09:56:05 job d286dd47 running: Loading MiniMax H3 and generating native video + stereo audio…
09:56:09 more-films waiter: resume still running
09:56:25 job d286dd47 running: Loading MiniMax H3 and generating native video + stereo audio…
09:56:39 more-films waiter: resume still running
09:56:45 job d286dd47 running: Loading MiniMax H3 and generating native video + stereo audio…
09:57:05 job d286dd47 running: Loading MiniMax H3 and generating native video + stereo audio…
09:57:09 more-films waiter: resume still running
09:57:25 job d286dd47 running: MiniMax H3 sampling — step 2/20
09:57:39 more-films waiter: resume still running
09:57:45 job d286dd47 running: MiniMax H3 sampling — step 3/20
09:58:05 job d286dd47 running: MiniMax H3 sampling — step 4/20
09:58:09 more-films waiter: resume still running
09:58:25 job d286dd47 running: MiniMax H3 sampling — step 5/20
09:58:39 more-films waiter: resume still running
09:58:45 job d286dd47 running: MiniMax H3 sampling — step 7/20
09:59:05 job d286dd47 running: MiniMax H3 sampling — step 8/20
09:59:10 more-films waiter: resume still running
09:59:25 job d286dd47 running: MiniMax H3 sampling — step 9/20
09:59:40 more-films waiter: resume still running
09:59:45 job d286dd47 running: MiniMax H3 sampling — step 10/20
10:00:05 job d286dd47 running: MiniMax H3 sampling — step 11/20
10:00:10 more-films waiter: resume still running
10:00:25 job d286dd47 running: MiniMax H3 sampling — step 13/20
10:00:40 more-films waiter: resume still running
10:00:45 job d286dd47 running: MiniMax H3 sampling — step 14/20
10:01:05 job d286dd47 running: MiniMax H3 sampling — step 15/20
10:01:10 more-films waiter: resume still running
10:01:25 job d286dd47 running: MiniMax H3 sampling — step 16/20
10:01:40 more-films waiter: resume still running
10:01:45 job d286dd47 running: MiniMax H3 sampling — step 17/20
10:02:05 job d286dd47 running: MiniMax H3 sampling — step 19/20
10:02:10 more-films waiter: resume still running
10:02:25 job d286dd47 running: MiniMax H3 sampling complete (20/20); decoding video and audio…
10:02:40 more-films waiter: resume still running
10:02:45 job d286dd47 running: MiniMax H3 sampling complete (20/20); decoding video and audio…
10:03:05 job d286dd47 completed: Done
10:03:05 done d286dd47 minimax_h3_d286dd47.mp4
10:03:05 concat overnight_fangorn_multiclip.mp4
10:03:09 sequence done overnight_fangorn_multiclip.mp4
10:03:09 mux overnight_fangorn_mv.mp4
10:03:10 more-films waiter: resume still running
10:03:10 music video overnight_fangorn_mv.mp4
10:03:10 ACE-Step song
10:03:40 more-films waiter: resume still running
10:04:10 more-films waiter: resume still running
10:04:40 song /home/ina/pinokio/api/Maestro-next.git/app/outputs/2026-08-22-10h04m39s_seed856087942_[Estrofa]La isla tiene dientes de piedrael vapor sube de la selvauna mujer de vestido de oroespe.wav
10:04:40 sequence skull_island 6 shots
10:04:40 queued skull_island/vapor: 4f9f2fa0
10:04:40 more-films waiter: resume still running
10:04:40 queued skull_island/danza: f250e4ad
10:04:40 queued skull_island/aparece: 5c9a1049
10:04:45 queued skull_island/liana: cfe6ec29
10:04:46 queued skull_island/cumbre: 5c4a05d8
10:04:46 queued skull_island/ciudad: ab5064f6
10:04:46 job 4f9f2fa0 running: Loading MiniMax H3 and generating native video + stereo audio…
10:05:06 job 4f9f2fa0 running: Loading MiniMax H3 and generating native video + stereo audio…
10:05:10 more-films waiter: resume still running
10:05:26 job 4f9f2fa0 running: Loading MiniMax H3 and generating native video + stereo audio…
10:05:40 more-films waiter: resume still running
10:05:46 job 4f9f2fa0 running: Loading MiniMax H3 and generating native video + stereo audio…
10:06:06 job 4f9f2fa0 running: Loading MiniMax H3 and generating native video + stereo audio…
10:06:10 more-films waiter: resume still running
10:06:27 job 4f9f2fa0 running: Loading MiniMax H3 and generating native video + stereo audio…
10:06:40 more-films waiter: resume still running
10:07:15 more-films waiter: resume still running
10:07:32 job 4f9f2fa0 running: Loading MiniMax H3 and generating native video + stereo audio…
10:07:56 more-films waiter: resume still running
10:08:03 job 4f9f2fa0 running: Loading MiniMax H3 and generating native video + stereo audio…
10:08:26 job 4f9f2fa0 running: Loading MiniMax H3 and generating native video + stereo audio…
10:08:35 more-films waiter: resume still running
10:08:48 job 4f9f2fa0 running: Loading MiniMax H3 and generating native video + stereo audio…
10:09:05 more-films waiter: resume still running
10:09:08 job 4f9f2fa0 running: Loading MiniMax H3 and generating native video + stereo audio…
10:09:28 job 4f9f2fa0 running: MiniMax H3 sampling — step 2/20
10:09:35 more-films waiter: resume still running
10:09:48 job 4f9f2fa0 running: MiniMax H3 sampling — step 3/20
10:10:05 more-films waiter: resume still running
10:10:08 job 4f9f2fa0 running: MiniMax H3 sampling — step 4/20
10:10:28 job 4f9f2fa0 running: MiniMax H3 sampling — step 6/20
10:10:35 more-films waiter: resume still running
10:10:48 job 4f9f2fa0 running: MiniMax H3 sampling — step 7/20
10:11:05 more-films waiter: resume still running
10:11:08 job 4f9f2fa0 running: MiniMax H3 sampling — step 8/20
10:11:28 job 4f9f2fa0 running: MiniMax H3 sampling — step 9/20
10:11:35 more-films waiter: resume still running
10:11:48 job 4f9f2fa0 running: MiniMax H3 sampling — step 10/20
10:12:05 more-films waiter: resume still running
10:12:08 job 4f9f2fa0 running: MiniMax H3 sampling — step 11/20
10:12:28 job 4f9f2fa0 running: MiniMax H3 sampling — step 13/20
10:12:35 more-films waiter: resume still running
10:12:48 job 4f9f2fa0 running: MiniMax H3 sampling — step 14/20
10:13:05 more-films waiter: resume still running
10:13:08 job 4f9f2fa0 running: MiniMax H3 sampling — step 15/20
10:13:28 job 4f9f2fa0 running: MiniMax H3 sampling — step 16/20
10:13:35 more-films waiter: resume still running
10:13:48 job 4f9f2fa0 running: MiniMax H3 sampling — step 17/20
10:14:05 more-films waiter: resume still running
10:14:08 job 4f9f2fa0 running: MiniMax H3 sampling — step 19/20
10:14:28 job 4f9f2fa0 running: MiniMax H3 sampling complete (20/20); decoding video and audio…
10:14:35 more-films waiter: resume still running
10:14:48 job 4f9f2fa0 running: MiniMax H3 sampling complete (20/20); decoding video and audio…
10:15:05 more-films waiter: resume still running
10:15:08 job 4f9f2fa0 running: MiniMax H3 sampling complete (20/20); decoding video and audio…
10:15:28 job 4f9f2fa0 completed: Done
10:15:28 done 4f9f2fa0 minimax_h3_4f9f2fa0.mp4
10:15:28 job f250e4ad running: Loading MiniMax H3 and generating native video + stereo audio…
10:15:35 more-films waiter: resume still running
10:15:48 job f250e4ad running: Loading MiniMax H3 and generating native video + stereo audio…
10:16:05 more-films waiter: resume still running
10:16:08 job f250e4ad running: Loading MiniMax H3 and generating native video + stereo audio…
10:16:28 job f250e4ad running: Loading MiniMax H3 and generating native video + stereo audio…
10:16:35 more-films waiter: resume still running
10:16:48 job f250e4ad running: Loading MiniMax H3 and generating native video + stereo audio…
10:17:05 more-films waiter: resume still running
10:17:08 job f250e4ad running: Loading MiniMax H3 and generating native video + stereo audio…
10:17:28 job f250e4ad running: MiniMax H3 sampling — step 1/20
10:17:35 more-films waiter: resume still running
10:17:48 job f250e4ad running: MiniMax H3 sampling — step 2/20
10:18:05 more-films waiter: resume still running
10:18:08 job f250e4ad running: MiniMax H3 sampling — step 3/20
10:18:28 job f250e4ad running: MiniMax H3 sampling — step 5/20
10:18:35 more-films waiter: resume still running
10:18:48 job f250e4ad running: MiniMax H3 sampling — step 6/20
10:19:05 more-films waiter: resume still running
10:19:08 job f250e4ad running: MiniMax H3 sampling — step 7/20
10:19:28 job f250e4ad running: MiniMax H3 sampling — step 8/20
10:19:35 more-films waiter: resume still running
10:19:48 job f250e4ad running: MiniMax H3 sampling — step 9/20
10:20:05 more-films waiter: resume still running
10:20:08 job f250e4ad running: MiniMax H3 sampling — step 11/20
10:20:28 job f250e4ad running: MiniMax H3 sampling — step 12/20
10:20:35 more-films waiter: resume still running
10:20:48 job f250e4ad running: MiniMax H3 sampling — step 13/20
10:21:05 more-films waiter: resume still running
10:21:08 job f250e4ad running: MiniMax H3 sampling — step 14/20
10:21:28 job f250e4ad running: MiniMax H3 sampling — step 15/20
10:21:35 more-films waiter: resume still running
10:21:48 job f250e4ad running: MiniMax H3 sampling — step 17/20
10:22:05 more-films waiter: resume still running
10:22:09 job f250e4ad running: MiniMax H3 sampling — step 18/20
10:22:29 job f250e4ad running: MiniMax H3 sampling — step 19/20
10:22:35 more-films waiter: resume still running
10:22:49 job f250e4ad running: MiniMax H3 sampling complete (20/20); decoding video and audio…
10:23:05 more-films waiter: resume still running
10:23:09 job f250e4ad running: MiniMax H3 sampling complete (20/20); decoding video and audio…
10:23:29 job f250e4ad completed: Done
10:23:29 done f250e4ad minimax_h3_f250e4ad.mp4
10:23:29 job 5c9a1049 queued: Queued
10:23:36 more-films waiter: resume still running
10:23:49 job 5c9a1049 running: Loading MiniMax H3 and generating native video + stereo audio…
10:24:06 more-films waiter: resume still running
10:24:09 job 5c9a1049 running: Loading MiniMax H3 and generating native video + stereo audio…
10:24:29 job 5c9a1049 running: Loading MiniMax H3 and generating native video + stereo audio…
10:24:36 more-films waiter: resume still running
10:24:49 job 5c9a1049 running: Loading MiniMax H3 and generating native video + stereo audio…
10:25:06 more-films waiter: resume still running
10:25:09 job 5c9a1049 running: Loading MiniMax H3 and generating native video + stereo audio…
10:25:29 job 5c9a1049 running: Loading MiniMax H3 and generating native video + stereo audio…
10:25:36 more-films waiter: resume still running
10:25:49 job 5c9a1049 running: Loading MiniMax H3 and generating native video + stereo audio…
10:26:06 more-films waiter: resume still running
10:26:09 job 5c9a1049 running: MiniMax H3 sampling — step 1/20
10:26:29 job 5c9a1049 running: MiniMax H3 sampling — step 2/20
10:26:36 more-films waiter: resume still running
10:26:49 job 5c9a1049 running: MiniMax H3 sampling — step 3/20
10:27:06 more-films waiter: resume still running
10:27:09 job 5c9a1049 running: MiniMax H3 sampling — step 4/20
10:27:30 job 5c9a1049 running: MiniMax H3 sampling — step 5/20
10:27:36 more-films waiter: resume still running
10:27:50 job 5c9a1049 running: MiniMax H3 sampling — step 6/20
10:28:06 more-films waiter: resume still running
10:28:10 job 5c9a1049 running: MiniMax H3 sampling — step 6/20
10:28:30 job 5c9a1049 running: MiniMax H3 sampling — step 7/20
10:28:36 more-films waiter: resume still running
10:28:50 job 5c9a1049 running: MiniMax H3 sampling — step 8/20
10:29:06 more-films waiter: resume still running
10:29:10 job 5c9a1049 running: MiniMax H3 sampling — step 9/20
10:29:30 job 5c9a1049 running: MiniMax H3 sampling — step 10/20
10:29:36 more-films waiter: resume still running
10:29:50 job 5c9a1049 running: MiniMax H3 sampling — step 11/20
10:30:06 more-films waiter: resume still running
10:30:10 job 5c9a1049 running: MiniMax H3 sampling — step 12/20
10:30:30 job 5c9a1049 running: MiniMax H3 sampling — step 12/20
10:30:36 more-films waiter: resume still running
10:30:50 job 5c9a1049 running: MiniMax H3 sampling — step 13/20
10:31:06 more-films waiter: resume still running
10:31:10 job 5c9a1049 running: MiniMax H3 sampling — step 14/20
10:31:30 job 5c9a1049 running: MiniMax H3 sampling — step 15/20
10:31:36 more-films waiter: resume still running
10:31:50 job 5c9a1049 running: MiniMax H3 sampling — step 16/20
10:32:06 more-films waiter: resume still running
10:32:10 job 5c9a1049 running: MiniMax H3 sampling — step 17/20
10:32:30 job 5c9a1049 running: MiniMax H3 sampling — step 18/20
10:32:36 more-films waiter: resume still running
10:32:50 job 5c9a1049 running: MiniMax H3 sampling — step 18/20
10:33:06 more-films waiter: resume still running
10:33:10 job 5c9a1049 running: MiniMax H3 sampling — step 19/20
10:33:30 job 5c9a1049 running: MiniMax H3 sampling complete (20/20); decoding video and audio…
10:33:36 more-films waiter: resume still running
10:33:50 job 5c9a1049 running: MiniMax H3 sampling complete (20/20); decoding video and audio…
10:34:06 more-films waiter: resume still running
10:34:10 job 5c9a1049 completed: Done
10:34:10 done 5c9a1049 minimax_h3_5c9a1049.mp4
10:34:10 job cfe6ec29 running: Starting the isolated MiniMax H3 runtime…
10:34:30 job cfe6ec29 running: Loading MiniMax H3 and generating native video + stereo audio…
10:34:36 more-films waiter: resume still running
10:34:50 job cfe6ec29 running: Loading MiniMax H3 and generating native video + stereo audio…
10:35:06 more-films waiter: resume still running
10:35:10 job cfe6ec29 running: Loading MiniMax H3 and generating native video + stereo audio…
10:35:30 job cfe6ec29 running: Loading MiniMax H3 and generating native video + stereo audio…
10:35:36 more-films waiter: resume still running
10:35:50 job cfe6ec29 running: Loading MiniMax H3 and generating native video + stereo audio…
10:36:06 more-films waiter: resume still running
10:36:10 job cfe6ec29 running: Loading MiniMax H3 and generating native video + stereo audio…
10:36:30 job cfe6ec29 running: MiniMax H3 sampling — step 2/20
10:36:36 more-films waiter: resume still running
10:36:50 job cfe6ec29 running: MiniMax H3 sampling — step 3/20
10:37:06 more-films waiter: resume still running
10:37:10 job cfe6ec29 running: MiniMax H3 sampling — step 4/20
10:37:30 job cfe6ec29 running: MiniMax H3 sampling — step 5/20
10:37:36 more-films waiter: resume still running
10:37:50 job cfe6ec29 running: MiniMax H3 sampling — step 7/20
10:38:06 more-films waiter: resume still running
10:38:10 job cfe6ec29 running: MiniMax H3 sampling — step 8/20
10:38:30 job cfe6ec29 running: MiniMax H3 sampling — step 9/20
10:38:37 more-films waiter: resume still running
10:38:50 job cfe6ec29 running: MiniMax H3 sampling — step 10/20
10:39:07 more-films waiter: resume still running
10:39:10 job cfe6ec29 running: MiniMax H3 sampling — step 11/20
10:39:30 job cfe6ec29 running: MiniMax H3 sampling — step 12/20
10:39:37 more-films waiter: resume still running
10:39:51 job cfe6ec29 running: MiniMax H3 sampling — step 14/20
10:40:07 more-films waiter: resume still running
10:40:11 job cfe6ec29 running: MiniMax H3 sampling — step 15/20
10:40:31 job cfe6ec29 running: MiniMax H3 sampling — step 16/20
10:40:37 more-films waiter: resume still running
10:40:51 job cfe6ec29 running: MiniMax H3 sampling — step 17/20
10:41:07 more-films waiter: resume still running
10:41:11 job cfe6ec29 running: MiniMax H3 sampling — step 18/20
10:41:31 job cfe6ec29 running: MiniMax H3 sampling complete (20/20); decoding video and audio…
10:41:37 more-films waiter: resume still running
10:41:51 job cfe6ec29 running: MiniMax H3 sampling complete (20/20); decoding video and audio…
10:42:07 more-films waiter: resume still running
10:42:11 job cfe6ec29 completed: Done
10:42:11 done cfe6ec29 minimax_h3_cfe6ec29.mp4
10:42:11 job 5c4a05d8 queued: Queued
10:42:31 job 5c4a05d8 running: Loading MiniMax H3 and generating native video + stereo audio…
10:42:37 more-films waiter: resume still running
10:42:51 job 5c4a05d8 running: Loading MiniMax H3 and generating native video + stereo audio…
10:43:07 more-films waiter: resume still running
10:43:11 job 5c4a05d8 running: Loading MiniMax H3 and generating native video + stereo audio…
10:43:31 job 5c4a05d8 running: Loading MiniMax H3 and generating native video + stereo audio…
10:43:37 more-films waiter: resume still running
10:43:51 job 5c4a05d8 running: Loading MiniMax H3 and generating native video + stereo audio…
10:44:07 more-films waiter: resume still running
10:44:11 job 5c4a05d8 running: Loading MiniMax H3 and generating native video + stereo audio…
10:44:31 job 5c4a05d8 running: MiniMax H3 sampling — step 2/20
10:44:37 more-films waiter: resume still running
10:44:51 job 5c4a05d8 running: MiniMax H3 sampling — step 3/20
10:45:07 more-films waiter: resume still running
10:45:11 job 5c4a05d8 running: MiniMax H3 sampling — step 4/20
10:45:31 job 5c4a05d8 running: MiniMax H3 sampling — step 5/20
10:45:37 more-films waiter: resume still running
10:45:51 job 5c4a05d8 running: MiniMax H3 sampling — step 6/20
10:46:07 more-films waiter: resume still running
10:46:11 job 5c4a05d8 running: MiniMax H3 sampling — step 8/20
10:46:31 job 5c4a05d8 running: MiniMax H3 sampling — step 9/20
10:46:37 more-films waiter: resume still running
10:46:51 job 5c4a05d8 running: MiniMax H3 sampling — step 10/20
10:47:07 more-films waiter: resume still running
10:47:11 job 5c4a05d8 running: MiniMax H3 sampling — step 11/20
10:47:31 job 5c4a05d8 running: MiniMax H3 sampling — step 12/20
10:47:37 more-films waiter: resume still running
10:47:51 job 5c4a05d8 running: MiniMax H3 sampling — step 14/20
10:48:07 more-films waiter: resume still running
10:48:11 job 5c4a05d8 running: MiniMax H3 sampling — step 15/20
10:48:31 job 5c4a05d8 running: MiniMax H3 sampling — step 16/20
10:48:37 more-films waiter: resume still running
10:48:51 job 5c4a05d8 running: MiniMax H3 sampling — step 17/20
10:49:07 more-films waiter: resume still running
10:49:11 job 5c4a05d8 running: MiniMax H3 sampling — step 18/20
10:49:31 job 5c4a05d8 running: MiniMax H3 sampling complete (20/20); decoding video and audio…
10:49:37 more-films waiter: resume still running
10:49:51 job 5c4a05d8 running: MiniMax H3 sampling complete (20/20); decoding video and audio…
10:50:07 more-films waiter: resume still running
10:50:11 job 5c4a05d8 running: MiniMax H3 sampling complete (20/20); decoding video and audio…
10:50:31 job 5c4a05d8 completed: Done
10:50:31 done 5c4a05d8 minimax_h3_5c4a05d8.mp4
10:50:31 job ab5064f6 running: Loading MiniMax H3 and generating native video + stereo audio…
10:50:37 more-films waiter: resume still running
10:50:51 job ab5064f6 running: Loading MiniMax H3 and generating native video + stereo audio…
10:51:07 more-films waiter: resume still running
10:51:11 job ab5064f6 running: Loading MiniMax H3 and generating native video + stereo audio…
10:51:31 job ab5064f6 running: Loading MiniMax H3 and generating native video + stereo audio…
10:51:37 more-films waiter: resume still running
10:51:51 job ab5064f6 running: Loading MiniMax H3 and generating native video + stereo audio…
10:52:07 more-films waiter: resume still running
10:52:11 job ab5064f6 running: Loading MiniMax H3 and generating native video + stereo audio…
10:52:31 job ab5064f6 running: MiniMax H3 sampling — step 1/20
10:52:37 more-films waiter: resume still running
10:52:51 job ab5064f6 running: MiniMax H3 sampling — step 2/20
10:53:07 more-films waiter: resume still running
10:53:11 job ab5064f6 running: MiniMax H3 sampling — step 3/20
10:53:31 job ab5064f6 running: MiniMax H3 sampling — step 4/20
10:53:37 more-films waiter: resume still running
10:53:51 job ab5064f6 running: MiniMax H3 sampling — step 5/20
10:54:08 more-films waiter: resume still running
10:54:11 job ab5064f6 running: MiniMax H3 sampling — step 5/20
10:54:31 job ab5064f6 running: MiniMax H3 sampling — step 6/20
10:54:38 more-films waiter: resume still running
10:54:51 job ab5064f6 running: MiniMax H3 sampling — step 7/20
10:55:08 more-films waiter: resume still running
10:55:11 job ab5064f6 running: MiniMax H3 sampling — step 8/20
10:55:31 job ab5064f6 running: MiniMax H3 sampling — step 9/20
10:55:38 more-films waiter: resume still running
10:55:51 job ab5064f6 running: MiniMax H3 sampling — step 10/20
10:56:08 more-films waiter: resume still running
10:56:12 job ab5064f6 running: MiniMax H3 sampling — step 11/20
10:56:32 job ab5064f6 running: MiniMax H3 sampling — step 11/20
10:56:38 more-films waiter: resume still running
10:56:52 job ab5064f6 running: MiniMax H3 sampling — step 12/20
10:57:08 more-films waiter: resume still running
10:57:12 job ab5064f6 running: MiniMax H3 sampling — step 13/20
10:57:32 job ab5064f6 running: MiniMax H3 sampling — step 14/20
10:57:38 more-films waiter: resume still running
10:57:52 job ab5064f6 running: MiniMax H3 sampling — step 15/20
10:58:08 more-films waiter: resume still running
10:58:12 job ab5064f6 running: MiniMax H3 sampling — step 16/20
10:58:32 job ab5064f6 running: MiniMax H3 sampling — step 17/20
10:58:38 more-films waiter: resume still running
10:58:52 job ab5064f6 running: MiniMax H3 sampling — step 17/20
10:59:08 more-films waiter: resume still running
10:59:12 job ab5064f6 running: MiniMax H3 sampling — step 18/20
10:59:32 job ab5064f6 running: MiniMax H3 sampling — step 19/20
10:59:38 more-films waiter: resume still running
10:59:52 job ab5064f6 running: MiniMax H3 sampling complete (20/20); decoding video and audio…
11:00:08 more-films waiter: resume still running
11:00:12 job ab5064f6 running: MiniMax H3 sampling complete (20/20); decoding video and audio…
11:00:32 job ab5064f6 completed: Done
11:00:32 done ab5064f6 minimax_h3_ab5064f6.mp4
11:00:32 concat overnight_skull_island_multiclip.mp4
11:00:35 sequence done overnight_skull_island_multiclip.mp4
11:00:35 mux overnight_skull_island_mv.mp4
11:00:36 music video overnight_skull_island_mv.mp4
11:00:36 iconic movie scenes start
11:00:36 sequence titanic_puerta 4 shots
11:00:36 queued titanic_puerta/naufragio: 54e78f14
11:00:38 more-films waiter: resume still running
11:00:38 queued titanic_puerta/sube: 940deea0
11:00:45 queued titanic_puerta/rescate: 6cba61c0
11:00:45 queued titanic_puerta/ny: 2768f08f
11:00:45 job 54e78f14 running: Loading MiniMax H3 and generating native video + stereo audio…
11:01:05 job 54e78f14 running: Loading MiniMax H3 and generating native video + stereo audio…
11:01:08 more-films waiter: resume still running
11:01:25 job 54e78f14 running: Loading MiniMax H3 and generating native video + stereo audio…
11:01:38 more-films waiter: resume still running
11:01:45 job 54e78f14 running: Loading MiniMax H3 and generating native video + stereo audio…
11:02:06 job 54e78f14 running: Loading MiniMax H3 and generating native video + stereo audio…
11:02:08 more-films waiter: resume still running
11:02:26 job 54e78f14 running: Loading MiniMax H3 and generating native video + stereo audio…
11:02:38 more-films waiter: resume still running
11:02:46 job 54e78f14 running: MiniMax H3 sampling — step 1/20
11:03:06 job 54e78f14 running: MiniMax H3 sampling — step 2/20
11:03:08 more-films waiter: resume still running
11:03:26 job 54e78f14 running: MiniMax H3 sampling — step 3/20
11:03:38 more-films waiter: resume still running
11:03:46 job 54e78f14 running: MiniMax H3 sampling — step 4/20
11:04:06 job 54e78f14 running: MiniMax H3 sampling — step 6/20
11:04:08 more-films waiter: resume still running
11:04:26 job 54e78f14 running: MiniMax H3 sampling — step 7/20
11:04:38 more-films waiter: resume still running
11:04:46 job 54e78f14 running: MiniMax H3 sampling — step 8/20
11:05:06 job 54e78f14 running: MiniMax H3 sampling — step 9/20
11:05:08 more-films waiter: resume still running
11:05:26 job 54e78f14 running: MiniMax H3 sampling — step 10/20
11:05:38 more-films waiter: resume still running
11:05:46 job 54e78f14 running: MiniMax H3 sampling — step 12/20
11:06:06 job 54e78f14 running: MiniMax H3 sampling — step 13/20
11:06:08 more-films waiter: resume still running
11:06:26 job 54e78f14 running: MiniMax H3 sampling — step 14/20
11:06:38 more-films waiter: resume still running
11:06:46 job 54e78f14 running: MiniMax H3 sampling — step 15/20
11:07:06 job 54e78f14 running: MiniMax H3 sampling — step 16/20
11:07:08 more-films waiter: resume still running
11:07:26 job 54e78f14 running: MiniMax H3 sampling — step 18/20
11:07:38 more-films waiter: resume still running
11:07:46 job 54e78f14 running: MiniMax H3 sampling — step 19/20
11:08:06 job 54e78f14 running: MiniMax H3 sampling complete (20/20); decoding video and audio…
11:08:08 more-films waiter: resume still running
11:08:26 job 54e78f14 running: MiniMax H3 sampling complete (20/20); decoding video and audio…
11:08:39 more-films waiter: resume still running
11:08:46 job 54e78f14 running: MiniMax H3 sampling complete (20/20); decoding video and audio…
11:09:06 job 54e78f14 completed: Done
11:09:06 done 54e78f14 minimax_h3_54e78f14.mp4
11:09:06 job 940deea0 running: Loading MiniMax H3 and generating native video + stereo audio…
11:09:09 more-films waiter: resume still running
11:09:26 job 940deea0 running: Loading MiniMax H3 and generating native video + stereo audio…
11:09:39 more-films waiter: resume still running
11:09:46 job 940deea0 running: Loading MiniMax H3 and generating native video + stereo audio…
11:10:06 job 940deea0 running: Loading MiniMax H3 and generating native video + stereo audio…
11:10:09 more-films waiter: resume still running
11:10:26 job 940deea0 running: Loading MiniMax H3 and generating native video + stereo audio…
11:10:39 more-films waiter: resume still running
11:10:46 job 940deea0 running: Loading MiniMax H3 and generating native video + stereo audio…
11:11:06 job 940deea0 running: Loading MiniMax H3 and generating native video + stereo audio…
11:11:09 more-films waiter: resume still running
11:11:26 job 940deea0 running: Loading MiniMax H3 and generating native video + stereo audio…
11:11:39 more-films waiter: resume still running
11:11:46 job 940deea0 running: MiniMax H3 sampling — step 3/20
11:12:06 job 940deea0 running: MiniMax H3 sampling — step 7/20
11:12:09 more-films waiter: resume still running
11:12:26 job 940deea0 running: MiniMax H3 sampling — step 11/20
11:12:39 more-films waiter: resume still running
11:12:46 job 940deea0 running: MiniMax H3 sampling — step 14/20
11:13:06 job 940deea0 running: MiniMax H3 sampling — step 18/20
11:13:09 more-films waiter: resume still running
11:13:26 job 940deea0 running: MiniMax H3 sampling complete (20/20); decoding video and audio…
11:13:39 more-films waiter: resume still running
11:13:46 job 940deea0 completed: Done
11:13:46 done 940deea0 minimax_h3_940deea0.mp4
11:13:46 job 6cba61c0 running: Starting the isolated MiniMax H3 runtime…
11:14:06 job 6cba61c0 running: Loading MiniMax H3 and generating native video + stereo audio…
11:14:09 more-films waiter: resume still running
11:14:26 job 6cba61c0 running: Loading MiniMax H3 and generating native video + stereo audio…
11:14:39 more-films waiter: resume still running
11:14:46 job 6cba61c0 running: Loading MiniMax H3 and generating native video + stereo audio…
11:15:06 job 6cba61c0 running: Loading MiniMax H3 and generating native video + stereo audio…
11:15:09 more-films waiter: resume still running
11:15:26 job 6cba61c0 running: Loading MiniMax H3 and generating native video + stereo audio…
11:15:39 more-films waiter: resume still running
11:15:46 job 6cba61c0 running: MiniMax H3 sampling — step 2/20
11:16:06 job 6cba61c0 running: MiniMax H3 sampling — step 5/20
11:16:09 more-films waiter: resume still running
11:16:26 job 6cba61c0 running: MiniMax H3 sampling — step 9/20
11:16:39 more-films waiter: resume still running
11:16:46 job 6cba61c0 running: MiniMax H3 sampling — step 13/20
11:17:06 job 6cba61c0 running: MiniMax H3 sampling — step 16/20
11:17:09 more-films waiter: resume still running
11:17:27 job 6cba61c0 running: MiniMax H3 sampling complete (20/20); decoding video and audio…
11:17:39 more-films waiter: resume still running
11:17:47 job 6cba61c0 running: MiniMax H3 sampling complete (20/20); decoding video and audio…
11:18:07 job 6cba61c0 completed: Done
11:18:07 done 6cba61c0 minimax_h3_6cba61c0.mp4
11:18:07 job 2768f08f running: Starting the isolated MiniMax H3 runtime…
11:18:09 more-films waiter: resume still running
11:18:27 job 2768f08f running: Loading MiniMax H3 and generating native video + stereo audio…
11:18:39 more-films waiter: resume still running
11:18:50 job 2768f08f running: Loading MiniMax H3 and generating native video + stereo audio…
11:19:09 more-films waiter: resume still running
11:19:10 job 2768f08f running: Loading MiniMax H3 and generating native video + stereo audio…
11:19:30 job 2768f08f running: Loading MiniMax H3 and generating native video + stereo audio…
11:19:39 more-films waiter: resume still running
11:19:50 job 2768f08f running: Loading MiniMax H3 and generating native video + stereo audio…
11:20:09 more-films waiter: resume still running
11:20:10 job 2768f08f running: Loading MiniMax H3 and generating native video + stereo audio…
11:20:30 job 2768f08f running: Loading MiniMax H3 and generating native video + stereo audio…
11:20:39 more-films waiter: resume still running
11:20:50 job 2768f08f running: MiniMax H3 sampling — step 3/20
11:21:09 more-films waiter: resume still running
11:21:10 job 2768f08f running: MiniMax H3 sampling — step 6/20
11:21:30 job 2768f08f running: MiniMax H3 sampling — step 10/20
11:21:39 more-films waiter: resume still running
11:21:50 job 2768f08f running: MiniMax H3 sampling — step 14/20
11:22:10 more-films waiter: resume still running
11:22:11 job 2768f08f running: MiniMax H3 sampling — step 17/20
11:22:31 job 2768f08f running: MiniMax H3 sampling complete (20/20); decoding video and audio…
11:22:40 more-films waiter: resume still running
11:22:51 job 2768f08f completed: Done
11:22:51 done 2768f08f minimax_h3_2768f08f.mp4
11:22:51 concat overnight_titanic_puerta_multiclip.mp4
11:22:52 sequence done overnight_titanic_puerta_multiclip.mp4
11:22:52 sequence titanic_proa 4 shots
11:22:52 queued titanic_proa/proa: e065087b
11:22:54 queued titanic_proa/vuela: 3d139930
11:22:58 queued titanic_proa/beso: db3d1dc1
11:22:58 queued titanic_proa/camarote: ebe6f1a8
11:22:58 job e065087b running: Loading MiniMax H3 and generating native video + stereo audio…
11:23:10 more-films waiter: resume still running
11:23:18 job e065087b running: Loading MiniMax H3 and generating native video + stereo audio…
11:23:38 job e065087b running: Loading MiniMax H3 and generating native video + stereo audio…
11:23:40 more-films waiter: resume still running
11:23:58 job e065087b running: Loading MiniMax H3 and generating native video + stereo audio…
11:24:10 more-films waiter: resume still running
11:24:18 job e065087b running: Loading MiniMax H3 and generating native video + stereo audio…
11:24:38 job e065087b running: Loading MiniMax H3 and generating native video + stereo audio…
11:24:40 more-films waiter: resume still running
11:24:58 job e065087b running: MiniMax H3 sampling — step 2/20
11:25:10 more-films waiter: resume still running
11:25:18 job e065087b running: MiniMax H3 sampling — step 6/20
11:25:38 job e065087b running: MiniMax H3 sampling — step 9/20
11:25:40 more-films waiter: resume still running
11:25:58 job e065087b running: MiniMax H3 sampling — step 13/20
11:26:10 more-films waiter: resume still running
11:26:18 job e065087b running: MiniMax H3 sampling — step 17/20
11:26:38 job e065087b running: MiniMax H3 sampling complete (20/20); decoding video and audio…
11:26:40 more-films waiter: resume still running
11:26:58 job e065087b running: MiniMax H3 sampling complete (20/20); decoding video and audio…
11:27:10 more-films waiter: resume still running
11:27:18 job e065087b completed: Done
11:27:18 done e065087b minimax_h3_e065087b.mp4
11:27:18 job 3d139930 running: Loading MiniMax H3 and generating native video + stereo audio…
11:27:39 job 3d139930 running: Loading MiniMax H3 and generating native video + stereo audio…
11:27:40 more-films waiter: resume still running
11:27:59 job 3d139930 running: Loading MiniMax H3 and generating native video + stereo audio…
11:28:10 more-films waiter: resume still running
11:28:19 job 3d139930 running: Loading MiniMax H3 and generating native video + stereo audio…
11:28:39 job 3d139930 running: Loading MiniMax H3 and generating native video + stereo audio…
11:28:40 more-films waiter: resume still running
11:28:59 job 3d139930 running: Loading MiniMax H3 and generating native video + stereo audio…
11:29:10 more-films waiter: resume still running
11:29:19 job 3d139930 running: MiniMax H3 sampling — step 4/20
11:29:39 job 3d139930 running: MiniMax H3 sampling — step 8/20
11:29:40 more-films waiter: resume still running
11:29:59 job 3d139930 running: MiniMax H3 sampling — step 11/20
11:30:10 more-films waiter: resume still running
11:30:19 job 3d139930 running: MiniMax H3 sampling — step 15/20
11:30:39 job 3d139930 running: MiniMax H3 sampling — step 19/20
11:30:40 more-films waiter: resume still running
11:30:59 job 3d139930 running: MiniMax H3 sampling complete (20/20); decoding video and audio…
11:31:10 more-films waiter: resume still running
11:31:19 job 3d139930 completed: Done
11:31:19 done 3d139930 minimax_h3_3d139930.mp4
11:31:19 job db3d1dc1 running: Starting the isolated MiniMax H3 runtime…
11:31:39 job db3d1dc1 running: Loading MiniMax H3 and generating native video + stereo audio…
11:31:40 more-films waiter: resume still running
11:31:59 job db3d1dc1 running: Loading MiniMax H3 and generating native video + stereo audio…
11:32:10 more-films waiter: resume still running
11:32:19 job db3d1dc1 running: Loading MiniMax H3 and generating native video + stereo audio…
11:32:39 job db3d1dc1 running: Loading MiniMax H3 and generating native video + stereo audio…
11:32:40 more-films waiter: resume still running
11:32:59 job db3d1dc1 running: Loading MiniMax H3 and generating native video + stereo audio…
11:33:10 more-films waiter: resume still running
11:33:19 job db3d1dc1 running: MiniMax H3 sampling — step 1/20
11:33:39 job db3d1dc1 running: MiniMax H3 sampling — step 3/20
11:33:40 more-films waiter: resume still running
11:33:59 job db3d1dc1 running: MiniMax H3 sampling — step 5/20
11:34:10 more-films waiter: resume still running
11:34:19 job db3d1dc1 running: MiniMax H3 sampling — step 6/20
11:34:39 job db3d1dc1 running: MiniMax H3 sampling — step 8/20
11:34:40 more-films waiter: resume still running
11:34:59 job db3d1dc1 running: MiniMax H3 sampling — step 10/20
11:35:10 more-films waiter: resume still running
11:35:19 job db3d1dc1 running: MiniMax H3 sampling — step 12/20
11:35:39 job db3d1dc1 running: MiniMax H3 sampling — step 14/20
11:35:41 more-films waiter: resume still running
11:35:59 job db3d1dc1 running: MiniMax H3 sampling — step 15/20
11:36:11 more-films waiter: resume still running
11:36:19 job db3d1dc1 running: MiniMax H3 sampling — step 17/20
11:36:39 job db3d1dc1 running: MiniMax H3 sampling — step 19/20
11:36:41 more-films waiter: resume still running
11:36:59 job db3d1dc1 running: MiniMax H3 sampling complete (20/20); decoding video and audio…
11:37:11 more-films waiter: resume still running
11:37:19 job db3d1dc1 running: MiniMax H3 sampling complete (20/20); decoding video and audio…
11:37:39 job db3d1dc1 completed: Done
11:37:39 done db3d1dc1 minimax_h3_db3d1dc1.mp4
11:37:39 job ebe6f1a8 running: Loading MiniMax H3 and generating native video + stereo audio…
11:37:41 more-films waiter: resume still running
11:37:59 job ebe6f1a8 running: Loading MiniMax H3 and generating native video + stereo audio…
11:38:11 more-films waiter: resume still running
11:38:19 job ebe6f1a8 running: Loading MiniMax H3 and generating native video + stereo audio…
11:38:39 job ebe6f1a8 running: Loading MiniMax H3 and generating native video + stereo audio…
11:38:41 more-films waiter: resume still running
11:38:59 job ebe6f1a8 running: Loading MiniMax H3 and generating native video + stereo audio…
11:39:11 more-films waiter: resume still running
11:39:19 job ebe6f1a8 running: Loading MiniMax H3 and generating native video + stereo audio…
11:39:39 job ebe6f1a8 running: MiniMax H3 sampling — step 4/20
11:39:41 more-films waiter: resume still running
11:39:59 job ebe6f1a8 running: MiniMax H3 sampling — step 8/20
11:40:11 more-films waiter: resume still running
11:40:19 job ebe6f1a8 running: MiniMax H3 sampling — step 11/20
11:40:39 job ebe6f1a8 running: MiniMax H3 sampling — step 15/20
11:40:41 more-films waiter: resume still running
11:40:59 job ebe6f1a8 running: MiniMax H3 sampling — step 19/20
11:41:11 more-films waiter: resume still running
11:41:19 job ebe6f1a8 running: MiniMax H3 sampling complete (20/20); decoding video and audio…
11:41:39 job ebe6f1a8 completed: Done
11:41:39 done ebe6f1a8 minimax_h3_ebe6f1a8.mp4
11:41:39 concat overnight_titanic_proa_multiclip.mp4
11:41:41 sequence done overnight_titanic_proa_multiclip.mp4
11:41:41 sequence terminator_hasta 4 shots
11:41:41 more-films waiter: resume still running
11:41:41 queued terminator_hasta/acero: 01487d08
11:41:43 queued terminator_hasta/pistola: 36bd4657
11:41:47 queued terminator_hasta/hielo: fb6411a7
11:41:47 queued terminator_hasta/helado: 16f92bde
11:41:47 job 01487d08 running: Loading MiniMax H3 and generating native video + stereo audio…
11:42:07 job 01487d08 running: Loading MiniMax H3 and generating native video + stereo audio…
11:42:11 more-films waiter: resume still running
11:42:27 job 01487d08 running: Loading MiniMax H3 and generating native video + stereo audio…
11:42:41 more-films waiter: resume still running
11:42:47 job 01487d08 running: Loading MiniMax H3 and generating native video + stereo audio…
11:43:08 job 01487d08 running: Loading MiniMax H3 and generating native video + stereo audio…
11:43:11 more-films waiter: resume still running
11:43:28 job 01487d08 running: Loading MiniMax H3 and generating native video + stereo audio…
11:43:41 more-films waiter: resume still running
11:43:48 job 01487d08 running: MiniMax H3 sampling — step 1/20
11:44:08 job 01487d08 running: MiniMax H3 sampling — step 2/20
11:44:11 more-films waiter: resume still running
11:44:28 job 01487d08 running: MiniMax H3 sampling — step 3/20
11:44:41 more-films waiter: resume still running
11:44:48 job 01487d08 running: MiniMax H3 sampling — step 4/20
11:45:08 job 01487d08 running: MiniMax H3 sampling — step 6/20
11:45:11 more-films waiter: resume still running
11:45:28 job 01487d08 running: MiniMax H3 sampling — step 7/20
11:45:41 more-films waiter: resume still running
11:45:48 job 01487d08 running: MiniMax H3 sampling — step 8/20
11:46:08 job 01487d08 running: MiniMax H3 sampling — step 9/20
11:46:11 more-films waiter: resume still running
11:46:28 job 01487d08 running: MiniMax H3 sampling — step 10/20
11:46:41 more-films waiter: resume still running
11:46:48 job 01487d08 running: MiniMax H3 sampling — step 12/20
11:47:08 job 01487d08 running: MiniMax H3 sampling — step 13/20
11:47:11 more-films waiter: resume still running
11:47:28 job 01487d08 running: MiniMax H3 sampling — step 14/20
11:47:41 more-films waiter: resume still running
11:47:48 job 01487d08 running: MiniMax H3 sampling — step 15/20
11:48:08 job 01487d08 running: MiniMax H3 sampling — step 16/20
11:48:11 more-films waiter: resume still running
11:48:28 job 01487d08 running: MiniMax H3 sampling — step 18/20
11:48:41 more-films waiter: resume still running
11:48:48 job 01487d08 running: MiniMax H3 sampling — step 19/20
11:49:08 job 01487d08 running: MiniMax H3 sampling complete (20/20); decoding video and audio…
11:49:11 more-films waiter: resume still running
11:49:28 job 01487d08 running: MiniMax H3 sampling complete (20/20); decoding video and audio…
11:49:41 more-films waiter: resume still running
11:49:48 job 01487d08 completed: Done
11:49:48 done 01487d08 minimax_h3_01487d08.mp4
11:49:48 job 36bd4657 running: Starting the isolated MiniMax H3 runtime…
11:50:08 job 36bd4657 running: Loading MiniMax H3 and generating native video + stereo audio…
11:50:12 more-films waiter: resume still running
11:50:28 job 36bd4657 running: Loading MiniMax H3 and generating native video + stereo audio…
11:50:42 more-films waiter: resume still running
11:50:48 job 36bd4657 running: Loading MiniMax H3 and generating native video + stereo audio…
11:51:08 job 36bd4657 running: Loading MiniMax H3 and generating native video + stereo audio…
11:51:12 more-films waiter: resume still running
11:51:28 job 36bd4657 running: Loading MiniMax H3 and generating native video + stereo audio…
11:51:42 more-films waiter: resume still running
11:51:48 job 36bd4657 running: Loading MiniMax H3 and generating native video + stereo audio…
11:52:08 job 36bd4657 running: MiniMax H3 sampling — step 4/20
11:52:12 more-films waiter: resume still running
11:52:28 job 36bd4657 running: MiniMax H3 sampling — step 7/20
11:52:42 more-films waiter: resume still running
11:52:48 job 36bd4657 running: MiniMax H3 sampling — step 11/20
11:53:08 job 36bd4657 running: MiniMax H3 sampling — step 15/20
11:53:12 more-films waiter: resume still running
11:53:28 job 36bd4657 running: MiniMax H3 sampling — step 18/20
11:53:42 more-films waiter: resume still running
11:53:48 job 36bd4657 running: MiniMax H3 sampling complete (20/20); decoding video and audio…
11:54:08 job 36bd4657 completed: Done
11:54:08 done 36bd4657 minimax_h3_36bd4657.mp4
11:54:08 job fb6411a7 running: Starting the isolated MiniMax H3 runtime…
11:54:12 more-films waiter: resume still running
11:54:28 job fb6411a7 running: Loading MiniMax H3 and generating native video + stereo audio…
11:54:42 more-films waiter: resume still running
11:54:48 job fb6411a7 running: Loading MiniMax H3 and generating native video + stereo audio…
11:55:08 job fb6411a7 running: Loading MiniMax H3 and generating native video + stereo audio…
11:55:12 more-films waiter: resume still running
11:55:28 job fb6411a7 running: Loading MiniMax H3 and generating native video + stereo audio…
11:55:42 more-films waiter: resume still running
11:55:48 job fb6411a7 running: Loading MiniMax H3 and generating native video + stereo audio…
11:56:08 job fb6411a7 running: MiniMax H3 sampling — step 1/20
11:56:12 more-films waiter: resume still running
11:56:28 job fb6411a7 running: MiniMax H3 sampling — step 3/20
11:56:42 more-films waiter: resume still running
11:56:48 job fb6411a7 running: MiniMax H3 sampling — step 5/20
11:57:08 job fb6411a7 running: MiniMax H3 sampling — step 6/20
11:57:12 more-films waiter: resume still running
11:57:28 job fb6411a7 running: MiniMax H3 sampling — step 8/20
11:57:42 more-films waiter: resume still running
11:57:48 job fb6411a7 running: MiniMax H3 sampling — step 10/20
11:58:08 job fb6411a7 running: MiniMax H3 sampling — step 12/20
11:58:12 more-films waiter: resume still running
11:58:28 job fb6411a7 running: MiniMax H3 sampling — step 14/20
11:58:42 more-films waiter: resume still running
11:58:49 job fb6411a7 running: MiniMax H3 sampling — step 15/20
11:59:09 job fb6411a7 running: MiniMax H3 sampling — step 17/20
11:59:12 more-films waiter: resume still running
11:59:29 job fb6411a7 running: MiniMax H3 sampling — step 19/20
11:59:42 more-films waiter: resume still running
11:59:49 job fb6411a7 running: MiniMax H3 sampling complete (20/20); decoding video and audio…
12:00:09 job fb6411a7 running: MiniMax H3 sampling complete (20/20); decoding video and audio…
12:00:12 more-films waiter: resume still running
12:00:29 job fb6411a7 completed: Done
12:00:29 done fb6411a7 minimax_h3_fb6411a7.mp4
12:00:29 job 16f92bde running: Loading MiniMax H3 and generating native video + stereo audio…
12:00:42 more-films waiter: resume still running
12:00:49 job 16f92bde running: Loading MiniMax H3 and generating native video + stereo audio…
12:01:09 job 16f92bde running: Loading MiniMax H3 and generating native video + stereo audio…
12:01:12 more-films waiter: resume still running
12:01:29 job 16f92bde running: Loading MiniMax H3 and generating native video + stereo audio…
12:01:42 more-films waiter: resume still running
12:01:49 job 16f92bde running: Loading MiniMax H3 and generating native video + stereo audio…
12:02:09 job 16f92bde running: Loading MiniMax H3 and generating native video + stereo audio…
12:02:12 more-films waiter: resume still running
12:02:29 job 16f92bde running: MiniMax H3 sampling — step 4/20
12:02:42 more-films waiter: resume still running
12:02:49 job 16f92bde running: MiniMax H3 sampling — step 8/20
12:03:09 job 16f92bde running: MiniMax H3 sampling — step 12/20
12:03:12 more-films waiter: resume still running
12:03:29 job 16f92bde running: MiniMax H3 sampling — step 15/20
12:03:42 more-films waiter: resume still running
12:03:49 job 16f92bde running: MiniMax H3 sampling — step 19/20
12:04:09 job 16f92bde running: MiniMax H3 sampling complete (20/20); decoding video and audio…
12:04:12 more-films waiter: resume still running
12:04:29 job 16f92bde completed: Done
12:04:29 done 16f92bde minimax_h3_16f92bde.mp4
12:04:29 concat overnight_terminator_hasta_multiclip.mp4
12:04:30 sequence done overnight_terminator_hasta_multiclip.mp4
12:04:30 sequence casablanca_avion 4 shots
12:04:33 queued casablanca_avion/pista: 1967a213
12:04:36 queued casablanca_avion/mirada: 1ba1df67
12:04:37 queued casablanca_avion/suben: da86a64f
12:04:37 queued casablanca_avion/despegue: 6758ce23
12:04:37 job 1967a213 running: Loading MiniMax H3 and generating native video + stereo audio…
12:04:43 more-films waiter: resume still running
12:04:57 job 1967a213 running: Loading MiniMax H3 and generating native video + stereo audio…
12:05:13 more-films waiter: resume still running
12:05:17 job 1967a213 running: Loading MiniMax H3 and generating native video + stereo audio…
12:05:37 job 1967a213 running: Loading MiniMax H3 and generating native video + stereo audio…
12:05:43 more-films waiter: resume still running
12:05:57 job 1967a213 running: Loading MiniMax H3 and generating native video + stereo audio…
12:06:13 more-films waiter: resume still running
12:06:17 job 1967a213 running: Loading MiniMax H3 and generating native video + stereo audio…
12:06:37 job 1967a213 running: MiniMax H3 sampling — step 1/20
12:06:43 more-films waiter: resume still running
12:06:57 job 1967a213 running: MiniMax H3 sampling — step 2/20
12:07:13 more-films waiter: resume still running
12:07:17 job 1967a213 running: MiniMax H3 sampling — step 3/20
12:07:37 job 1967a213 running: MiniMax H3 sampling — step 5/20
12:07:43 more-films waiter: resume still running
12:07:57 job 1967a213 running: MiniMax H3 sampling — step 6/20
12:08:13 more-films waiter: resume still running
12:08:17 job 1967a213 running: MiniMax H3 sampling — step 7/20
12:08:37 job 1967a213 running: MiniMax H3 sampling — step 8/20
12:08:43 more-films waiter: resume still running
12:08:57 job 1967a213 running: MiniMax H3 sampling — step 9/20
12:09:13 more-films waiter: resume still running
12:09:18 job 1967a213 running: MiniMax H3 sampling — step 11/20
12:09:38 job 1967a213 running: MiniMax H3 sampling — step 12/20
12:09:43 more-films waiter: resume still running
12:09:58 job 1967a213 running: MiniMax H3 sampling — step 13/20
12:10:13 more-films waiter: resume still running
12:10:18 job 1967a213 running: MiniMax H3 sampling — step 14/20
12:10:38 job 1967a213 running: MiniMax H3 sampling — step 15/20
12:10:43 more-films waiter: resume still running
12:10:58 job 1967a213 running: MiniMax H3 sampling — step 16/20
12:11:13 more-films waiter: resume still running
12:11:18 job 1967a213 running: MiniMax H3 sampling — step 18/20
12:11:38 job 1967a213 running: MiniMax H3 sampling — step 19/20
12:11:43 more-films waiter: resume still running
12:11:58 job 1967a213 running: MiniMax H3 sampling complete (20/20); decoding video and audio…
12:12:13 more-films waiter: resume still running
12:12:18 job 1967a213 running: MiniMax H3 sampling complete (20/20); decoding video and audio…
12:12:38 job 1967a213 completed: Done
12:12:38 done 1967a213 minimax_h3_1967a213.mp4
12:12:38 job 1ba1df67 running: Starting the isolated MiniMax H3 runtime…
12:12:43 more-films waiter: resume still running
12:12:58 job 1ba1df67 running: Loading MiniMax H3 and generating native video + stereo audio…
12:13:13 more-films waiter: resume still running
12:13:18 job 1ba1df67 running: Loading MiniMax H3 and generating native video + stereo audio…
12:13:38 job 1ba1df67 running: Loading MiniMax H3 and generating native video + stereo audio…
12:13:43 more-films waiter: resume still running
12:13:58 job 1ba1df67 running: Loading MiniMax H3 and generating native video + stereo audio…
12:14:13 more-films waiter: resume still running
12:14:18 job 1ba1df67 running: Loading MiniMax H3 and generating native video + stereo audio…
12:14:38 job 1ba1df67 running: MiniMax H3 sampling — step 2/20
12:14:43 more-films waiter: resume still running
12:14:58 job 1ba1df67 running: MiniMax H3 sampling — step 5/20
12:15:13 more-films waiter: resume still running
12:15:18 job 1ba1df67 running: MiniMax H3 sampling — step 9/20
12:15:38 job 1ba1df67 running: MiniMax H3 sampling — step 13/20
12:15:43 more-films waiter: resume still running
12:15:58 job 1ba1df67 running: MiniMax H3 sampling — step 16/20
12:16:13 more-films waiter: resume still running
12:16:18 job 1ba1df67 running: MiniMax H3 sampling complete (20/20); decoding video and audio…
12:16:38 job 1ba1df67 running: MiniMax H3 sampling complete (20/20); decoding video and audio…
12:16:43 more-films waiter: resume still running
12:16:58 job 1ba1df67 completed: Done
12:16:58 done 1ba1df67 minimax_h3_1ba1df67.mp4
12:16:58 job da86a64f running: Loading MiniMax H3 and generating native video + stereo audio…
12:17:13 more-films waiter: resume still running
12:17:18 job da86a64f running: Loading MiniMax H3 and generating native video + stereo audio…
12:17:38 job da86a64f running: Loading MiniMax H3 and generating native video + stereo audio…
12:17:44 more-films waiter: resume still running
12:17:58 job da86a64f running: Loading MiniMax H3 and generating native video + stereo audio…
12:18:14 more-films waiter: resume still running
12:18:18 job da86a64f running: Loading MiniMax H3 and generating native video + stereo audio…
12:18:38 job da86a64f running: Loading MiniMax H3 and generating native video + stereo audio…
12:18:44 more-films waiter: resume still running
12:18:58 job da86a64f running: Loading MiniMax H3 and generating native video + stereo audio…
12:19:14 more-films waiter: resume still running
12:19:18 job da86a64f running: Loading MiniMax H3 and generating native video + stereo audio…
12:19:38 job da86a64f running: MiniMax H3 sampling — step 4/20
12:19:44 more-films waiter: resume still running
12:19:58 job da86a64f running: MiniMax H3 sampling — step 7/20
12:20:14 more-films waiter: resume still running
12:20:18 job da86a64f running: MiniMax H3 sampling — step 11/20
12:20:38 job da86a64f running: MiniMax H3 sampling — step 15/20
12:20:44 more-films waiter: resume still running
12:20:58 job da86a64f running: MiniMax H3 sampling — step 18/20
12:21:14 more-films waiter: resume still running
12:21:18 job da86a64f running: MiniMax H3 sampling complete (20/20); decoding video and audio…
12:21:38 job da86a64f running: MiniMax H3 sampling complete (20/20); decoding video and audio…
12:21:44 more-films waiter: resume still running
12:21:58 job da86a64f completed: Done
12:21:58 done da86a64f minimax_h3_da86a64f.mp4
12:21:58 job 6758ce23 running: Loading MiniMax H3 and generating native video + stereo audio…
12:22:14 more-films waiter: resume still running
12:22:18 job 6758ce23 running: Loading MiniMax H3 and generating native video + stereo audio…
12:22:38 job 6758ce23 running: Loading MiniMax H3 and generating native video + stereo audio…
12:22:44 more-films waiter: resume still running
12:22:59 job 6758ce23 running: Loading MiniMax H3 and generating native video + stereo audio…
12:23:14 more-films waiter: resume still running
12:23:19 job 6758ce23 running: Loading MiniMax H3 and generating native video + stereo audio…
12:23:39 job 6758ce23 running: Loading MiniMax H3 and generating native video + stereo audio…
12:23:44 more-films waiter: resume still running
12:23:59 job 6758ce23 running: MiniMax H3 sampling — step 2/20
12:24:14 more-films waiter: resume still running
12:24:19 job 6758ce23 running: MiniMax H3 sampling — step 3/20
12:24:39 job 6758ce23 running: MiniMax H3 sampling — step 4/20
12:24:44 more-films waiter: resume still running
12:24:59 job 6758ce23 running: MiniMax H3 sampling — step 5/20
12:25:14 more-films waiter: resume still running
12:25:19 job 6758ce23 running: MiniMax H3 sampling — step 6/20
12:25:39 job 6758ce23 running: MiniMax H3 sampling — step 8/20
12:25:44 more-films waiter: resume still running
12:25:59 job 6758ce23 running: MiniMax H3 sampling — step 9/20
12:26:14 more-films waiter: resume still running
12:26:19 job 6758ce23 running: MiniMax H3 sampling — step 10/20
12:26:39 job 6758ce23 running: MiniMax H3 sampling — step 11/20
12:26:44 more-films waiter: resume still running
12:26:59 job 6758ce23 running: MiniMax H3 sampling — step 12/20
12:27:14 more-films waiter: resume still running
12:27:19 job 6758ce23 running: MiniMax H3 sampling — step 14/20
12:27:39 job 6758ce23 running: MiniMax H3 sampling — step 15/20
12:27:44 more-films waiter: resume still running
12:27:59 job 6758ce23 running: MiniMax H3 sampling — step 16/20
12:28:14 more-films waiter: resume still running
12:28:19 job 6758ce23 running: MiniMax H3 sampling — step 17/20
12:28:39 job 6758ce23 running: MiniMax H3 sampling — step 18/20
12:28:44 more-films waiter: resume still running
12:28:59 job 6758ce23 running: MiniMax H3 sampling — step 19/20
12:29:14 more-films waiter: resume still running
12:29:19 job 6758ce23 running: MiniMax H3 sampling complete (20/20); decoding video and audio…
12:29:39 job 6758ce23 running: MiniMax H3 sampling complete (20/20); decoding video and audio…
12:29:44 more-films waiter: resume still running
12:29:59 job 6758ce23 completed: Done
12:29:59 done 6758ce23 minimax_h3_6758ce23.mp4
12:29:59 concat overnight_casablanca_avion_multiclip.mp4
12:30:01 sequence done overnight_casablanca_avion_multiclip.mp4
12:30:01 sequence jurassic_picnic 4 shots
12:30:01 queued jurassic_picnic/lluvia: fdf7f6a9
12:30:05 queued jurassic_picnic/rugido: 8d17a8c2
12:30:06 queued jurassic_picnic/paseo: d2f4d757
12:30:06 queued jurassic_picnic/picnic: 7fdfe5ed
12:30:06 job fdf7f6a9 running: Loading MiniMax H3 and generating native video + stereo audio…
12:30:14 more-films waiter: resume still running
12:30:26 job fdf7f6a9 running: Loading MiniMax H3 and generating native video + stereo audio…
12:30:45 more-films waiter: resume still running
12:30:46 job fdf7f6a9 running: Loading MiniMax H3 and generating native video + stereo audio…
12:31:06 job fdf7f6a9 running: Loading MiniMax H3 and generating native video + stereo audio…
12:31:15 more-films waiter: resume still running
12:31:26 job fdf7f6a9 running: Loading MiniMax H3 and generating native video + stereo audio…
12:31:45 more-films waiter: resume still running
12:31:46 job fdf7f6a9 running: Loading MiniMax H3 and generating native video + stereo audio…
12:32:06 job fdf7f6a9 running: MiniMax H3 sampling — step 1/20
12:32:15 more-films waiter: resume still running
12:32:26 job fdf7f6a9 running: MiniMax H3 sampling — step 2/20
12:32:45 more-films waiter: resume still running
12:32:46 job fdf7f6a9 running: MiniMax H3 sampling — step 3/20
12:33:06 job fdf7f6a9 running: MiniMax H3 sampling — step 5/20
12:33:15 more-films waiter: resume still running
12:33:26 job fdf7f6a9 running: MiniMax H3 sampling — step 6/20
12:33:45 more-films waiter: resume still running
12:33:46 job fdf7f6a9 running: MiniMax H3 sampling — step 7/20
12:34:07 job fdf7f6a9 running: MiniMax H3 sampling — step 8/20
12:34:15 more-films waiter: resume still running
12:34:27 job fdf7f6a9 running: MiniMax H3 sampling — step 9/20
12:34:45 more-films waiter: resume still running
12:34:47 job fdf7f6a9 running: MiniMax H3 sampling — step 10/20
12:35:07 job fdf7f6a9 running: MiniMax H3 sampling — step 12/20
12:35:15 more-films waiter: resume still running
12:35:27 job fdf7f6a9 running: MiniMax H3 sampling — step 13/20
12:35:45 more-films waiter: resume still running
12:35:47 job fdf7f6a9 running: MiniMax H3 sampling — step 14/20
12:36:07 job fdf7f6a9 running: MiniMax H3 sampling — step 15/20
12:36:15 more-films waiter: resume still running
12:36:27 job fdf7f6a9 running: MiniMax H3 sampling — step 16/20
12:36:45 more-films waiter: resume still running
12:36:47 job fdf7f6a9 running: MiniMax H3 sampling — step 18/20
12:37:07 job fdf7f6a9 running: MiniMax H3 sampling — step 19/20
12:37:15 more-films waiter: resume still running
12:37:27 job fdf7f6a9 running: MiniMax H3 sampling complete (20/20); decoding video and audio…
12:37:45 more-films waiter: resume still running
12:37:47 job fdf7f6a9 running: MiniMax H3 sampling complete (20/20); decoding video and audio…
12:38:07 job fdf7f6a9 completed: Done
12:38:07 done fdf7f6a9 minimax_h3_fdf7f6a9.mp4
12:38:07 job 8d17a8c2 running: Loading MiniMax H3 and generating native video + stereo audio…
12:38:15 more-films waiter: resume still running
12:38:27 job 8d17a8c2 running: Loading MiniMax H3 and generating native video + stereo audio…
12:38:45 more-films waiter: resume still running
12:38:47 job 8d17a8c2 running: Loading MiniMax H3 and generating native video + stereo audio…
12:39:07 job 8d17a8c2 running: Loading MiniMax H3 and generating native video + stereo audio…
12:39:15 more-films waiter: resume still running
12:39:27 job 8d17a8c2 running: Loading MiniMax H3 and generating native video + stereo audio…
12:39:45 more-films waiter: resume still running
12:39:47 job 8d17a8c2 running: Loading MiniMax H3 and generating native video + stereo audio…
12:40:07 job 8d17a8c2 running: MiniMax H3 sampling — step 2/20
12:40:15 more-films waiter: resume still running
12:40:27 job 8d17a8c2 running: MiniMax H3 sampling — step 6/20
12:40:45 more-films waiter: resume still running
12:40:47 job 8d17a8c2 running: MiniMax H3 sampling — step 9/20
12:41:07 job 8d17a8c2 running: MiniMax H3 sampling — step 13/20
12:41:15 more-films waiter: resume still running
12:41:27 job 8d17a8c2 running: MiniMax H3 sampling — step 17/20
12:41:45 more-films waiter: resume still running
12:41:47 job 8d17a8c2 running: MiniMax H3 sampling complete (20/20); decoding video and audio…
12:42:07 job 8d17a8c2 running: MiniMax H3 sampling complete (20/20); decoding video and audio…
12:42:15 more-films waiter: resume still running
12:42:27 job 8d17a8c2 completed: Done
12:42:27 done 8d17a8c2 minimax_h3_8d17a8c2.mp4
12:42:27 job d2f4d757 running: Loading MiniMax H3 and generating native video + stereo audio…
12:42:45 more-films waiter: resume still running
12:42:47 job d2f4d757 running: Loading MiniMax H3 and generating native video + stereo audio…
12:43:07 job d2f4d757 running: Loading MiniMax H3 and generating native video + stereo audio…
12:43:15 more-films waiter: resume still running
12:43:27 job d2f4d757 running: Loading MiniMax H3 and generating native video + stereo audio…
12:43:45 more-films waiter: resume still running
12:43:47 job d2f4d757 running: Loading MiniMax H3 and generating native video + stereo audio…
12:44:07 job d2f4d757 running: Loading MiniMax H3 and generating native video + stereo audio…
12:44:15 more-films waiter: resume still running
12:44:27 job d2f4d757 running: MiniMax H3 sampling — step 1/20
12:44:45 more-films waiter: resume still running
12:44:47 job d2f4d757 running: MiniMax H3 sampling — step 3/20
12:45:07 job d2f4d757 running: MiniMax H3 sampling — step 4/20
12:45:15 more-films waiter: resume still running
12:45:27 job d2f4d757 running: MiniMax H3 sampling — step 5/20
12:45:46 more-films waiter: resume still running
12:45:47 job d2f4d757 running: MiniMax H3 sampling — step 6/20
12:46:07 job d2f4d757 running: MiniMax H3 sampling — step 7/20
12:46:16 more-films waiter: resume still running
12:46:27 job d2f4d757 running: MiniMax H3 sampling — step 9/20
12:46:46 more-films waiter: resume still running
12:46:47 job d2f4d757 running: MiniMax H3 sampling — step 10/20
12:47:07 job d2f4d757 running: MiniMax H3 sampling — step 11/20
12:47:16 more-films waiter: resume still running
12:47:27 job d2f4d757 running: MiniMax H3 sampling — step 12/20
12:47:46 more-films waiter: resume still running
12:47:47 job d2f4d757 running: MiniMax H3 sampling — step 13/20
12:48:07 job d2f4d757 running: MiniMax H3 sampling — step 15/20
12:48:16 more-films waiter: resume still running
12:48:27 job d2f4d757 running: MiniMax H3 sampling — step 16/20
12:48:46 more-films waiter: resume still running
12:48:47 job d2f4d757 running: MiniMax H3 sampling — step 17/20
12:49:07 job d2f4d757 running: MiniMax H3 sampling — step 18/20
12:49:16 more-films waiter: resume still running
12:49:27 job d2f4d757 running: MiniMax H3 sampling — step 19/20
12:49:46 more-films waiter: resume still running
12:49:47 job d2f4d757 running: MiniMax H3 sampling complete (20/20); decoding video and audio…
12:50:07 job d2f4d757 running: MiniMax H3 sampling complete (20/20); decoding video and audio…
12:50:16 more-films waiter: resume still running
12:50:28 job d2f4d757 completed: Done
12:50:28 done d2f4d757 minimax_h3_d2f4d757.mp4
12:50:28 job 7fdfe5ed running: Loading MiniMax H3 and generating native video + stereo audio…
12:50:46 more-films waiter: resume still running
12:50:48 job 7fdfe5ed running: Loading MiniMax H3 and generating native video + stereo audio…
12:51:08 job 7fdfe5ed running: Loading MiniMax H3 and generating native video + stereo audio…
12:51:16 more-films waiter: resume still running
12:51:28 job 7fdfe5ed running: Loading MiniMax H3 and generating native video + stereo audio…
12:51:46 more-films waiter: resume still running
12:51:48 job 7fdfe5ed running: Loading MiniMax H3 and generating native video + stereo audio…
12:52:08 job 7fdfe5ed running: Loading MiniMax H3 and generating native video + stereo audio…
12:52:16 more-films waiter: resume still running
12:52:28 job 7fdfe5ed running: MiniMax H3 sampling — step 4/20
12:52:46 more-films waiter: resume still running
12:52:48 job 7fdfe5ed running: MiniMax H3 sampling — step 8/20
12:53:08 job 7fdfe5ed running: MiniMax H3 sampling — step 11/20
12:53:16 more-films waiter: resume still running
12:53:28 job 7fdfe5ed running: MiniMax H3 sampling — step 15/20
12:53:46 more-films waiter: resume still running
12:53:48 job 7fdfe5ed running: MiniMax H3 sampling — step 19/20
12:54:08 job 7fdfe5ed running: MiniMax H3 sampling complete (20/20); decoding video and audio…
12:54:16 more-films waiter: resume still running
12:54:28 job 7fdfe5ed completed: Done
12:54:28 done 7fdfe5ed minimax_h3_7fdfe5ed.mp4
12:54:28 concat overnight_jurassic_picnic_multiclip.mp4
12:54:29 sequence done overnight_jurassic_picnic_multiclip.mp4
12:54:29 sequence et_cacao 4 shots
12:54:29 queued et_cacao/luna: 1aad6af3
12:54:32 queued et_cacao/nave: 1bb1853b
12:54:35 queued et_cacao/cocina: cb83b384
12:54:35 queued et_cacao/sofa: 46db87ce
12:54:36 job 1aad6af3 running: Loading MiniMax H3 and generating native video + stereo audio…
12:54:46 more-films waiter: resume still running
12:54:56 job 1aad6af3 running: Loading MiniMax H3 and generating native video + stereo audio…
12:55:16 job 1aad6af3 running: Loading MiniMax H3 and generating native video + stereo audio…
12:55:16 more-films waiter: resume still running
12:55:36 job 1aad6af3 running: Loading MiniMax H3 and generating native video + stereo audio…
12:55:46 more-films waiter: resume still running
12:55:56 job 1aad6af3 running: Loading MiniMax H3 and generating native video + stereo audio…
12:56:16 job 1aad6af3 running: Loading MiniMax H3 and generating native video + stereo audio…
12:56:16 more-films waiter: resume still running
12:56:36 job 1aad6af3 running: MiniMax H3 sampling — step 2/20
12:56:46 more-films waiter: resume still running
12:56:56 job 1aad6af3 running: MiniMax H3 sampling — step 6/20
12:57:16 job 1aad6af3 running: MiniMax H3 sampling — step 9/20
12:57:16 more-films waiter: resume still running
12:57:36 job 1aad6af3 running: MiniMax H3 sampling — step 13/20
12:57:46 more-films waiter: resume still running
12:57:56 job 1aad6af3 running: MiniMax H3 sampling — step 17/20
12:58:16 job 1aad6af3 running: MiniMax H3 sampling complete (20/20); decoding video and audio…
12:58:16 more-films waiter: resume still running
12:58:36 job 1aad6af3 running: MiniMax H3 sampling complete (20/20); decoding video and audio…
12:58:46 more-films waiter: resume still running
12:58:56 job 1aad6af3 completed: Done
12:58:56 done 1aad6af3 minimax_h3_1aad6af3.mp4
12:58:56 job 1bb1853b running: Loading MiniMax H3 and generating native video + stereo audio…
12:59:16 job 1bb1853b running: Loading MiniMax H3 and generating native video + stereo audio…
12:59:17 more-films waiter: resume still running
12:59:36 job 1bb1853b running: Loading MiniMax H3 and generating native video + stereo audio…
12:59:47 more-films waiter: resume still running
12:59:56 job 1bb1853b running: Loading MiniMax H3 and generating native video + stereo audio…
13:00:16 job 1bb1853b running: Loading MiniMax H3 and generating native video + stereo audio…
13:00:17 more-films waiter: resume still running
13:00:36 job 1bb1853b running: Loading MiniMax H3 and generating native video + stereo audio…
13:00:47 more-films waiter: resume still running
13:00:56 job 1bb1853b running: MiniMax H3 sampling — step 4/20
13:01:16 job 1bb1853b running: MiniMax H3 sampling — step 8/20
13:01:17 more-films waiter: resume still running
13:01:36 job 1bb1853b running: MiniMax H3 sampling — step 11/20
13:01:47 more-films waiter: resume still running
13:01:56 job 1bb1853b running: MiniMax H3 sampling — step 15/20
13:02:16 job 1bb1853b running: MiniMax H3 sampling — step 19/20
13:02:17 more-films waiter: resume still running
13:02:36 job 1bb1853b running: MiniMax H3 sampling complete (20/20); decoding video and audio…
13:02:47 more-films waiter: resume still running
13:02:56 job 1bb1853b completed: Done
13:02:56 done 1bb1853b minimax_h3_1bb1853b.mp4
13:02:56 job cb83b384 running: Loading MiniMax H3 and generating native video + stereo audio…
13:03:16 job cb83b384 running: Loading MiniMax H3 and generating native video + stereo audio…
13:03:17 more-films waiter: resume still running
13:03:36 job cb83b384 running: Loading MiniMax H3 and generating native video + stereo audio…
13:03:47 more-films waiter: resume still running
13:03:56 job cb83b384 running: Loading MiniMax H3 and generating native video + stereo audio…
13:04:16 job cb83b384 running: Loading MiniMax H3 and generating native video + stereo audio…
13:04:17 more-films waiter: resume still running
13:04:36 job cb83b384 running: Loading MiniMax H3 and generating native video + stereo audio…
13:04:47 more-films waiter: resume still running
13:04:56 job cb83b384 running: MiniMax H3 sampling — step 1/20
13:05:16 job cb83b384 running: MiniMax H3 sampling — step 2/20
13:05:17 more-films waiter: resume still running
13:05:36 job cb83b384 running: MiniMax H3 sampling — step 3/20
13:05:47 more-films waiter: resume still running
13:05:56 job cb83b384 running: MiniMax H3 sampling — step 4/20
13:06:16 job cb83b384 running: MiniMax H3 sampling — step 6/20
13:06:17 more-films waiter: resume still running
13:06:36 job cb83b384 running: MiniMax H3 sampling — step 7/20
13:06:47 more-films waiter: resume still running
13:06:56 job cb83b384 running: MiniMax H3 sampling — step 8/20
13:07:17 job cb83b384 running: MiniMax H3 sampling — step 9/20
13:07:17 more-films waiter: resume still running
13:07:37 job cb83b384 running: MiniMax H3 sampling — step 10/20
13:07:47 more-films waiter: resume still running
13:07:57 job cb83b384 running: MiniMax H3 sampling — step 12/20
13:08:17 job cb83b384 running: MiniMax H3 sampling — step 13/20
13:08:17 more-films waiter: resume still running
13:08:37 job cb83b384 running: MiniMax H3 sampling — step 14/20
13:08:47 more-films waiter: resume still running
13:08:57 job cb83b384 running: MiniMax H3 sampling — step 15/20
13:09:17 job cb83b384 running: MiniMax H3 sampling — step 16/20
13:09:17 more-films waiter: resume still running
13:09:37 job cb83b384 running: MiniMax H3 sampling — step 18/20
13:09:47 more-films waiter: resume still running
13:09:57 job cb83b384 running: MiniMax H3 sampling — step 19/20
13:10:17 job cb83b384 running: MiniMax H3 sampling complete (20/20); decoding video and audio…
13:10:17 more-films waiter: resume still running
13:10:37 job cb83b384 running: MiniMax H3 sampling complete (20/20); decoding video and audio…
13:10:47 more-films waiter: resume still running
13:10:57 job cb83b384 completed: Done
13:10:57 done cb83b384 minimax_h3_cb83b384.mp4
13:10:57 job 46db87ce running: Starting the isolated MiniMax H3 runtime…
13:11:17 job 46db87ce running: Loading MiniMax H3 and generating native video + stereo audio…
13:11:17 more-films waiter: resume still running
13:11:37 job 46db87ce running: Loading MiniMax H3 and generating native video + stereo audio…
13:11:47 more-films waiter: resume still running
13:11:57 job 46db87ce running: Loading MiniMax H3 and generating native video + stereo audio…
13:12:17 job 46db87ce running: Loading MiniMax H3 and generating native video + stereo audio…
13:12:17 more-films waiter: resume still running
13:12:37 job 46db87ce running: Loading MiniMax H3 and generating native video + stereo audio…
13:12:47 more-films waiter: resume still running
13:12:57 job 46db87ce running: MiniMax H3 sampling — step 2/20
13:13:17 job 46db87ce running: MiniMax H3 sampling — step 6/20
13:13:17 more-films waiter: resume still running
13:13:37 job 46db87ce running: MiniMax H3 sampling — step 9/20
13:13:47 more-films waiter: resume still running
13:13:57 job 46db87ce running: MiniMax H3 sampling — step 13/20
13:14:17 job 46db87ce running: MiniMax H3 sampling — step 17/20
13:14:17 more-films waiter: resume still running
13:14:37 job 46db87ce running: MiniMax H3 sampling complete (20/20); decoding video and audio…
13:14:48 more-films waiter: resume still running
13:14:57 job 46db87ce running: MiniMax H3 sampling complete (20/20); decoding video and audio…
13:15:17 job 46db87ce completed: Done
13:15:17 done 46db87ce minimax_h3_46db87ce.mp4
13:15:17 concat overnight_et_cacao_multiclip.mp4
13:15:18 more-films waiter: resume still running
13:15:19 sequence done overnight_et_cacao_multiclip.mp4
13:15:19 sequence inception_peonza 4 shots
13:15:19 queued inception_peonza/orilla: 7642a317
13:15:22 queued inception_peonza/casa: f5634437
13:15:23 queued inception_peonza/cae: fad3c22e
13:15:23 queued inception_peonza/jardin: b4e359f6
13:15:23 job 7642a317 running: Loading MiniMax H3 and generating native video + stereo audio…
13:15:43 job 7642a317 running: Loading MiniMax H3 and generating native video + stereo audio…
13:15:48 more-films waiter: resume still running
13:16:03 job 7642a317 running: Loading MiniMax H3 and generating native video + stereo audio…
13:16:18 more-films waiter: resume still running
13:16:23 job 7642a317 running: Loading MiniMax H3 and generating native video + stereo audio…
13:16:43 job 7642a317 running: Loading MiniMax H3 and generating native video + stereo audio…
13:16:48 more-films waiter: resume still running
13:17:03 job 7642a317 running: Loading MiniMax H3 and generating native video + stereo audio…
13:17:18 more-films waiter: resume still running
13:17:23 job 7642a317 running: MiniMax H3 sampling — step 1/20
13:17:43 job 7642a317 running: MiniMax H3 sampling — step 2/20
13:17:48 more-films waiter: resume still running
13:18:03 job 7642a317 running: MiniMax H3 sampling — step 3/20
13:18:18 more-films waiter: resume still running
13:18:23 job 7642a317 running: MiniMax H3 sampling — step 4/20
13:18:43 job 7642a317 running: MiniMax H3 sampling — step 6/20
13:18:48 more-films waiter: resume still running
13:19:03 job 7642a317 running: MiniMax H3 sampling — step 7/20
13:19:18 more-films waiter: resume still running
13:19:23 job 7642a317 running: MiniMax H3 sampling — step 8/20
13:19:44 job 7642a317 running: MiniMax H3 sampling — step 9/20
13:19:48 more-films waiter: resume still running
13:20:04 job 7642a317 running: MiniMax H3 sampling — step 10/20
13:20:18 more-films waiter: resume still running
13:20:24 job 7642a317 running: MiniMax H3 sampling — step 12/20
13:20:44 job 7642a317 running: MiniMax H3 sampling — step 13/20
13:20:48 more-films waiter: resume still running
13:21:04 job 7642a317 running: MiniMax H3 sampling — step 14/20
13:21:18 more-films waiter: resume still running
13:21:24 job 7642a317 running: MiniMax H3 sampling — step 15/20
13:21:44 job 7642a317 running: MiniMax H3 sampling — step 16/20
13:21:48 more-films waiter: resume still running
13:22:04 job 7642a317 running: MiniMax H3 sampling — step 18/20
13:22:18 more-films waiter: resume still running
13:22:24 job 7642a317 running: MiniMax H3 sampling — step 19/20
13:22:44 job 7642a317 running: MiniMax H3 sampling complete (20/20); decoding video and audio…
13:22:48 more-films waiter: resume still running
13:23:04 job 7642a317 running: MiniMax H3 sampling complete (20/20); decoding video and audio…
13:23:18 more-films waiter: resume still running
13:23:24 job 7642a317 running: MiniMax H3 sampling complete (20/20); decoding video and audio…
13:23:44 job 7642a317 completed: Done
13:23:44 done 7642a317 minimax_h3_7642a317.mp4
13:23:44 job f5634437 running: Loading MiniMax H3 and generating native video + stereo audio…
13:23:48 more-films waiter: resume still running
13:24:04 job f5634437 running: Loading MiniMax H3 and generating native video + stereo audio…
13:24:18 more-films waiter: resume still running
13:24:24 job f5634437 running: Loading MiniMax H3 and generating native video + stereo audio…
13:24:44 job f5634437 running: Loading MiniMax H3 and generating native video + stereo audio…
13:24:48 more-films waiter: resume still running
13:25:04 job f5634437 running: Loading MiniMax H3 and generating native video + stereo audio…
13:25:18 more-films waiter: resume still running
13:25:24 job f5634437 running: Loading MiniMax H3 and generating native video + stereo audio…
13:25:44 job f5634437 running: MiniMax H3 sampling — step 4/20
13:25:48 more-films waiter: resume still running
13:26:04 job f5634437 running: MiniMax H3 sampling — step 8/20
13:26:18 more-films waiter: resume still running
13:26:24 job f5634437 running: MiniMax H3 sampling — step 12/20
13:26:44 job f5634437 running: MiniMax H3 sampling — step 15/20
13:26:48 more-films waiter: resume still running
13:27:04 job f5634437 running: MiniMax H3 sampling — step 19/20
13:27:18 more-films waiter: resume still running
13:27:24 job f5634437 running: MiniMax H3 sampling complete (20/20); decoding video and audio…
13:27:44 job f5634437 completed: Done
13:27:44 done f5634437 minimax_h3_f5634437.mp4
13:27:44 job fad3c22e running: Loading MiniMax H3 and generating native video + stereo audio…
13:27:49 more-films waiter: resume still running
13:28:04 job fad3c22e running: Loading MiniMax H3 and generating native video + stereo audio…
13:28:19 more-films waiter: resume still running
13:28:24 job fad3c22e running: Loading MiniMax H3 and generating native video + stereo audio…
13:28:44 job fad3c22e running: Loading MiniMax H3 and generating native video + stereo audio…
13:28:49 more-films waiter: resume still running
13:29:04 job fad3c22e running: Loading MiniMax H3 and generating native video + stereo audio…
13:29:19 more-films waiter: resume still running
13:29:24 job fad3c22e running: Loading MiniMax H3 and generating native video + stereo audio…
13:29:44 job fad3c22e running: MiniMax H3 sampling — step 2/20
13:29:49 more-films waiter: resume still running
13:30:04 job fad3c22e running: MiniMax H3 sampling — step 3/20
13:30:19 more-films waiter: resume still running
13:30:24 job fad3c22e running: MiniMax H3 sampling — step 5/20
13:30:44 job fad3c22e running: MiniMax H3 sampling — step 7/20
13:30:49 more-films waiter: resume still running
13:31:04 job fad3c22e running: MiniMax H3 sampling — step 9/20
13:31:19 more-films waiter: resume still running
13:31:24 job fad3c22e running: MiniMax H3 sampling — step 10/20
13:31:44 job fad3c22e running: MiniMax H3 sampling — step 12/20
13:31:49 more-films waiter: resume still running
13:32:04 job fad3c22e running: MiniMax H3 sampling — step 14/20
13:32:19 more-films waiter: resume still running
13:32:24 job fad3c22e running: MiniMax H3 sampling — step 16/20
13:32:44 job fad3c22e running: MiniMax H3 sampling — step 18/20
13:32:49 more-films waiter: resume still running
13:33:04 job fad3c22e running: MiniMax H3 sampling — step 19/20
13:33:19 more-films waiter: resume still running
13:33:24 job fad3c22e running: MiniMax H3 sampling complete (20/20); decoding video and audio…
13:33:44 job fad3c22e completed: Done
13:33:44 done fad3c22e minimax_h3_fad3c22e.mp4
13:33:44 job b4e359f6 running: Starting the isolated MiniMax H3 runtime…
13:33:49 more-films waiter: resume still running
13:34:04 job b4e359f6 running: Loading MiniMax H3 and generating native video + stereo audio…
13:34:19 more-films waiter: resume still running
13:34:25 job b4e359f6 running: Loading MiniMax H3 and generating native video + stereo audio…
13:34:45 job b4e359f6 running: Loading MiniMax H3 and generating native video + stereo audio…
13:34:49 more-films waiter: resume still running
13:35:05 job b4e359f6 running: Loading MiniMax H3 and generating native video + stereo audio…
13:35:19 more-films waiter: resume still running
13:35:25 job b4e359f6 running: Loading MiniMax H3 and generating native video + stereo audio…
13:35:45 job b4e359f6 running: Loading MiniMax H3 and generating native video + stereo audio…
13:35:49 more-films waiter: resume still running
13:36:05 job b4e359f6 running: MiniMax H3 sampling — step 2/20
13:36:19 more-films waiter: resume still running
13:36:25 job b4e359f6 running: MiniMax H3 sampling — step 3/20
13:36:45 job b4e359f6 running: MiniMax H3 sampling — step 4/20
13:36:49 more-films waiter: resume still running
13:37:05 job b4e359f6 running: MiniMax H3 sampling — step 5/20
13:37:19 more-films waiter: resume still running
13:37:25 job b4e359f6 running: MiniMax H3 sampling — step 7/20
13:37:45 job b4e359f6 running: MiniMax H3 sampling — step 8/20
13:37:49 more-films waiter: resume still running
13:38:05 job b4e359f6 running: MiniMax H3 sampling — step 9/20
13:38:19 more-films waiter: resume still running
13:38:25 job b4e359f6 running: MiniMax H3 sampling — step 10/20
13:38:45 job b4e359f6 running: MiniMax H3 sampling — step 11/20
13:38:49 more-films waiter: resume still running
13:39:05 job b4e359f6 running: MiniMax H3 sampling — step 13/20
13:39:19 more-films waiter: resume still running
13:39:25 job b4e359f6 running: MiniMax H3 sampling — step 14/20
13:39:45 job b4e359f6 running: MiniMax H3 sampling — step 15/20
13:39:49 more-films waiter: resume still running
13:40:05 job b4e359f6 running: MiniMax H3 sampling — step 16/20
13:40:19 more-films waiter: resume still running
13:40:25 job b4e359f6 running: MiniMax H3 sampling — step 17/20
13:40:45 job b4e359f6 running: MiniMax H3 sampling — step 19/20
13:40:49 more-films waiter: resume still running
13:41:05 job b4e359f6 running: MiniMax H3 sampling complete (20/20); decoding video and audio…
13:41:19 more-films waiter: resume still running
13:41:25 job b4e359f6 running: MiniMax H3 sampling complete (20/20); decoding video and audio…
13:41:45 job b4e359f6 completed: Done
13:41:45 done b4e359f6 minimax_h3_b4e359f6.mp4
13:41:45 concat overnight_inception_peonza_multiclip.mp4
13:41:47 sequence done overnight_inception_peonza_multiclip.mp4
13:41:47 sequence indiana_roca 4 shots
13:41:47 queued indiana_roca/templo: 9677fe21
13:41:49 queued indiana_roca/cambia: 9322e623
13:41:49 more-films waiter: resume still running
13:41:55 queued indiana_roca/corre: 6707da02
13:41:55 queued indiana_roca/salida: 512dca16
13:41:55 job 9677fe21 running: Loading MiniMax H3 and generating native video + stereo audio…
13:42:15 job 9677fe21 running: Loading MiniMax H3 and generating native video + stereo audio…
13:42:19 more-films waiter: resume still running
13:42:35 job 9677fe21 running: Loading MiniMax H3 and generating native video + stereo audio…
13:42:50 more-films waiter: resume still running
13:42:55 job 9677fe21 running: Loading MiniMax H3 and generating native video + stereo audio…
13:43:15 job 9677fe21 running: Loading MiniMax H3 and generating native video + stereo audio…
13:43:20 more-films waiter: resume still running
13:43:35 job 9677fe21 running: Loading MiniMax H3 and generating native video + stereo audio…
13:43:50 more-films waiter: resume still running
13:43:55 job 9677fe21 running: MiniMax H3 sampling — step 1/20
13:44:15 job 9677fe21 running: MiniMax H3 sampling — step 2/20
13:44:20 more-films waiter: resume still running
13:44:35 job 9677fe21 running: MiniMax H3 sampling — step 3/20
13:44:50 more-films waiter: resume still running
13:44:55 job 9677fe21 running: MiniMax H3 sampling — step 4/20
13:45:15 job 9677fe21 running: MiniMax H3 sampling — step 6/20
13:45:20 more-films waiter: resume still running
13:45:35 job 9677fe21 running: MiniMax H3 sampling — step 7/20
13:45:50 more-films waiter: resume still running
13:45:55 job 9677fe21 running: MiniMax H3 sampling — step 8/20
13:46:15 job 9677fe21 running: MiniMax H3 sampling — step 9/20
13:46:20 more-films waiter: resume still running
13:46:35 job 9677fe21 running: MiniMax H3 sampling — step 10/20
13:46:50 more-films waiter: resume still running
13:46:55 job 9677fe21 running: MiniMax H3 sampling — step 12/20
13:47:16 job 9677fe21 running: MiniMax H3 sampling — step 13/20
13:47:20 more-films waiter: resume still running
13:47:36 job 9677fe21 running: MiniMax H3 sampling — step 14/20
13:47:50 more-films waiter: resume still running
13:47:56 job 9677fe21 running: MiniMax H3 sampling — step 15/20
13:48:16 job 9677fe21 running: MiniMax H3 sampling — step 16/20
13:48:20 more-films waiter: resume still running
13:48:36 job 9677fe21 running: MiniMax H3 sampling — step 18/20
13:48:50 more-films waiter: resume still running
13:48:56 job 9677fe21 running: MiniMax H3 sampling — step 19/20
13:49:16 job 9677fe21 running: MiniMax H3 sampling complete (20/20); decoding video and audio…
13:49:20 more-films waiter: resume still running
13:49:36 job 9677fe21 running: MiniMax H3 sampling complete (20/20); decoding video and audio…
13:49:50 more-films waiter: resume still running
13:49:56 job 9677fe21 completed: Done
13:49:56 done 9677fe21 minimax_h3_9677fe21.mp4
13:49:56 job 9322e623 running: Starting the isolated MiniMax H3 runtime…
13:50:16 job 9322e623 running: Loading MiniMax H3 and generating native video + stereo audio…
13:50:20 more-films waiter: resume still running
13:50:36 job 9322e623 running: Loading MiniMax H3 and generating native video + stereo audio…
13:50:50 more-films waiter: resume still running
13:50:56 job 9322e623 running: Loading MiniMax H3 and generating native video + stereo audio…
13:51:16 job 9322e623 running: Loading MiniMax H3 and generating native video + stereo audio…
13:51:20 more-films waiter: resume still running
13:51:36 job 9322e623 running: Loading MiniMax H3 and generating native video + stereo audio…
13:51:50 more-films waiter: resume still running
13:51:56 job 9322e623 running: MiniMax H3 sampling — step 2/20
13:52:16 job 9322e623 running: MiniMax H3 sampling — step 6/20
13:52:20 more-films waiter: resume still running
13:52:36 job 9322e623 running: MiniMax H3 sampling — step 9/20
13:52:50 more-films waiter: resume still running
13:52:56 job 9322e623 running: MiniMax H3 sampling — step 13/20
13:53:16 job 9322e623 running: MiniMax H3 sampling — step 17/20
13:53:20 more-films waiter: resume still running
13:53:36 job 9322e623 running: MiniMax H3 sampling complete (20/20); decoding video and audio…
13:53:50 more-films waiter: resume still running
13:53:56 job 9322e623 running: MiniMax H3 sampling complete (20/20); decoding video and audio…
13:54:16 job 9322e623 completed: Done
13:54:16 done 9322e623 minimax_h3_9322e623.mp4
13:54:16 job 6707da02 running: Loading MiniMax H3 and generating native video + stereo audio…
13:54:20 more-films waiter: resume still running
13:54:36 job 6707da02 running: Loading MiniMax H3 and generating native video + stereo audio…
13:54:50 more-films waiter: resume still running
13:54:56 job 6707da02 running: Loading MiniMax H3 and generating native video + stereo audio…
13:55:16 job 6707da02 running: Loading MiniMax H3 and generating native video + stereo audio…
13:55:20 more-films waiter: resume still running
13:55:36 job 6707da02 running: Loading MiniMax H3 and generating native video + stereo audio…
13:55:50 more-films waiter: resume still running
13:55:56 job 6707da02 running: Loading MiniMax H3 and generating native video + stereo audio…
13:56:16 job 6707da02 running: MiniMax H3 sampling — step 1/20
13:56:21 more-films waiter: resume still running
13:56:36 job 6707da02 running: MiniMax H3 sampling — step 3/20
13:56:51 more-films waiter: resume still running
13:56:56 job 6707da02 running: MiniMax H3 sampling — step 4/20
13:57:16 job 6707da02 running: MiniMax H3 sampling — step 5/20
13:57:21 more-films waiter: resume still running
13:57:36 job 6707da02 running: MiniMax H3 sampling — step 6/20
13:57:51 more-films waiter: resume still running
13:57:56 job 6707da02 running: MiniMax H3 sampling — step 7/20
13:58:16 job 6707da02 running: MiniMax H3 sampling — step 9/20
13:58:21 more-films waiter: resume still running
13:58:36 job 6707da02 running: MiniMax H3 sampling — step 10/20
13:58:51 more-films waiter: resume still running
13:58:56 job 6707da02 running: MiniMax H3 sampling — step 11/20
13:59:16 job 6707da02 running: MiniMax H3 sampling — step 12/20
13:59:21 more-films waiter: resume still running
13:59:36 job 6707da02 running: MiniMax H3 sampling — step 13/20
13:59:51 more-films waiter: resume still running
13:59:56 job 6707da02 running: MiniMax H3 sampling — step 15/20
14:00:16 job 6707da02 running: MiniMax H3 sampling — step 16/20
14:00:21 more-films waiter: resume still running
14:00:36 job 6707da02 running: MiniMax H3 sampling — step 17/20
14:00:51 more-films waiter: resume still running
14:00:56 job 6707da02 running: MiniMax H3 sampling — step 18/20
14:01:16 job 6707da02 running: MiniMax H3 sampling — step 19/20
14:01:21 more-films waiter: resume still running
14:01:36 job 6707da02 running: MiniMax H3 sampling complete (20/20); decoding video and audio…
14:01:51 more-films waiter: resume still running
14:01:56 job 6707da02 running: MiniMax H3 sampling complete (20/20); decoding video and audio…
14:02:16 job 6707da02 completed: Done
14:02:16 done 6707da02 minimax_h3_6707da02.mp4
14:02:16 job 512dca16 running: Loading MiniMax H3 and generating native video + stereo audio…
14:02:21 more-films waiter: resume still running
14:02:37 job 512dca16 running: Loading MiniMax H3 and generating native video + stereo audio…
14:02:51 more-films waiter: resume still running
14:02:57 job 512dca16 running: Loading MiniMax H3 and generating native video + stereo audio…
14:03:17 job 512dca16 running: Loading MiniMax H3 and generating native video + stereo audio…
14:03:21 more-films waiter: resume still running
14:03:37 job 512dca16 running: Loading MiniMax H3 and generating native video + stereo audio…
14:03:51 more-films waiter: resume still running
14:03:57 job 512dca16 running: Loading MiniMax H3 and generating native video + stereo audio…
14:04:17 job 512dca16 running: MiniMax H3 sampling — step 3/20
14:04:21 more-films waiter: resume still running
14:04:37 job 512dca16 running: MiniMax H3 sampling — step 7/20
14:04:51 more-films waiter: resume still running
14:04:57 job 512dca16 running: MiniMax H3 sampling — step 11/20
14:05:17 job 512dca16 running: MiniMax H3 sampling — step 14/20
14:05:21 more-films waiter: resume still running
14:05:37 job 512dca16 running: MiniMax H3 sampling — step 18/20
14:05:51 more-films waiter: resume still running
14:05:57 job 512dca16 running: MiniMax H3 sampling complete (20/20); decoding video and audio…
14:06:17 job 512dca16 completed: Done
14:06:17 done 512dca16 minimax_h3_512dca16.mp4
14:06:17 concat overnight_indiana_roca_multiclip.mp4
14:06:19 sequence done overnight_indiana_roca_multiclip.mp4
14:06:19 sequence matrix_fideos 4 shots
14:06:19 queued matrix_fideos/lobby: 4a43f9aa
14:06:21 more-films waiter: resume still running
14:06:21 queued matrix_fideos/balas: e9841f58
14:06:25 queued matrix_fideos/gafas: 36fcc6b4
14:06:25 queued matrix_fideos/fideos: 20149414
14:06:25 job 4a43f9aa running: Loading MiniMax H3 and generating native video + stereo audio…
14:06:45 job 4a43f9aa running: Loading MiniMax H3 and generating native video + stereo audio…
14:06:51 more-films waiter: resume still running
14:07:05 job 4a43f9aa running: Loading MiniMax H3 and generating native video + stereo audio…
14:07:21 more-films waiter: resume still running
14:07:25 job 4a43f9aa running: Loading MiniMax H3 and generating native video + stereo audio…
14:07:45 job 4a43f9aa running: Loading MiniMax H3 and generating native video + stereo audio…
14:07:51 more-films waiter: resume still running
14:08:05 job 4a43f9aa running: Loading MiniMax H3 and generating native video + stereo audio…
14:08:21 more-films waiter: resume still running
14:08:25 job 4a43f9aa running: MiniMax H3 sampling — step 1/20
14:08:45 job 4a43f9aa running: MiniMax H3 sampling — step 2/20
14:08:51 more-films waiter: resume still running
14:09:05 job 4a43f9aa running: MiniMax H3 sampling — step 3/20
14:09:21 more-films waiter: resume still running
14:09:26 job 4a43f9aa running: MiniMax H3 sampling — step 5/20
14:09:46 job 4a43f9aa running: MiniMax H3 sampling — step 6/20
14:09:51 more-films waiter: resume still running
14:10:06 job 4a43f9aa running: MiniMax H3 sampling — step 7/20
14:10:22 more-films waiter: resume still running
14:10:26 job 4a43f9aa running: MiniMax H3 sampling — step 8/20
14:10:46 job 4a43f9aa running: MiniMax H3 sampling — step 9/20
14:10:52 more-films waiter: resume still running
14:11:06 job 4a43f9aa running: MiniMax H3 sampling — step 11/20
14:11:22 more-films waiter: resume still running
14:11:26 job 4a43f9aa running: MiniMax H3 sampling — step 12/20
14:11:46 job 4a43f9aa running: MiniMax H3 sampling — step 13/20
14:11:52 more-films waiter: resume still running
14:12:06 job 4a43f9aa running: MiniMax H3 sampling — step 14/20
14:12:22 more-films waiter: resume still running
14:12:26 job 4a43f9aa running: MiniMax H3 sampling — step 15/20
14:12:46 job 4a43f9aa running: MiniMax H3 sampling — step 16/20
14:12:52 more-films waiter: resume still running
14:13:06 job 4a43f9aa running: MiniMax H3 sampling — step 18/20
14:13:22 more-films waiter: resume still running
14:13:26 job 4a43f9aa running: MiniMax H3 sampling — step 19/20
14:13:46 job 4a43f9aa running: MiniMax H3 sampling complete (20/20); decoding video and audio…
14:13:52 more-films waiter: resume still running
14:14:06 job 4a43f9aa running: MiniMax H3 sampling complete (20/20); decoding video and audio…
14:14:22 more-films waiter: resume still running
14:14:26 job 4a43f9aa completed: Done
14:14:26 done 4a43f9aa minimax_h3_4a43f9aa.mp4
14:14:26 job e9841f58 running: Loading MiniMax H3 and generating native video + stereo audio…
14:14:46 job e9841f58 running: Loading MiniMax H3 and generating native video + stereo audio…
14:14:52 more-films waiter: resume still running
14:15:06 job e9841f58 running: Loading MiniMax H3 and generating native video + stereo audio…
14:15:22 more-films waiter: resume still running
14:15:26 job e9841f58 running: Loading MiniMax H3 and generating native video + stereo audio…
14:15:46 job e9841f58 running: Loading MiniMax H3 and generating native video + stereo audio…
14:15:52 more-films waiter: resume still running
14:16:06 job e9841f58 running: Loading MiniMax H3 and generating native video + stereo audio…
14:16:22 more-films waiter: resume still running
14:16:26 job e9841f58 running: MiniMax H3 sampling — step 2/20
14:16:46 job e9841f58 running: MiniMax H3 sampling — step 6/20
14:16:52 more-films waiter: resume still running
14:17:06 job e9841f58 running: MiniMax H3 sampling — step 10/20
14:17:22 more-films waiter: resume still running
14:17:26 job e9841f58 running: MiniMax H3 sampling — step 13/20
14:17:46 job e9841f58 running: MiniMax H3 sampling — step 17/20
14:17:52 more-films waiter: resume still running
14:18:06 job e9841f58 running: MiniMax H3 sampling complete (20/20); decoding video and audio…
14:18:22 more-films waiter: resume still running
14:18:26 job e9841f58 running: MiniMax H3 sampling complete (20/20); decoding video and audio…
14:18:46 job e9841f58 completed: Done
14:18:46 done e9841f58 minimax_h3_e9841f58.mp4
14:18:46 job 36fcc6b4 running: Loading MiniMax H3 and generating native video + stereo audio…
14:18:52 more-films waiter: resume still running
14:19:06 job 36fcc6b4 running: Loading MiniMax H3 and generating native video + stereo audio…
14:19:22 more-films waiter: resume still running
14:19:26 job 36fcc6b4 running: Loading MiniMax H3 and generating native video + stereo audio…
14:19:46 job 36fcc6b4 running: Loading MiniMax H3 and generating native video + stereo audio…
14:19:52 more-films waiter: resume still running
14:20:06 job 36fcc6b4 running: Loading MiniMax H3 and generating native video + stereo audio…
14:20:22 more-films waiter: resume still running
14:20:26 job 36fcc6b4 running: Loading MiniMax H3 and generating native video + stereo audio…
14:20:46 job 36fcc6b4 running: MiniMax H3 sampling — step 2/20
14:20:52 more-films waiter: resume still running
14:21:06 job 36fcc6b4 running: MiniMax H3 sampling — step 4/20
14:21:22 more-films waiter: resume still running
14:21:26 job 36fcc6b4 running: MiniMax H3 sampling — step 6/20
14:21:46 job 36fcc6b4 running: MiniMax H3 sampling — step 8/20
14:21:52 more-films waiter: resume still running
14:22:06 job 36fcc6b4 running: MiniMax H3 sampling — step 9/20
14:22:22 more-films waiter: resume still running
14:22:26 job 36fcc6b4 running: MiniMax H3 sampling — step 11/20
14:22:46 job 36fcc6b4 running: MiniMax H3 sampling — step 13/20
14:22:52 more-films waiter: resume still running
14:23:06 job 36fcc6b4 running: MiniMax H3 sampling — step 15/20
14:23:22 more-films waiter: resume still running
14:23:26 job 36fcc6b4 running: MiniMax H3 sampling — step 17/20
14:23:46 job 36fcc6b4 running: MiniMax H3 sampling — step 18/20
14:23:52 more-films waiter: resume still running
14:24:06 job 36fcc6b4 running: MiniMax H3 sampling complete (20/20); decoding video and audio…
14:24:22 more-films waiter: resume still running
14:24:27 job 36fcc6b4 running: MiniMax H3 sampling complete (20/20); decoding video and audio…
14:24:47 job 36fcc6b4 completed: Done
14:24:47 done 36fcc6b4 minimax_h3_36fcc6b4.mp4
14:24:47 job 20149414 running: Loading MiniMax H3 and generating native video + stereo audio…
14:24:53 more-films waiter: resume still running
14:25:07 job 20149414 running: Loading MiniMax H3 and generating native video + stereo audio…
14:25:23 more-films waiter: resume still running
14:25:27 job 20149414 running: Loading MiniMax H3 and generating native video + stereo audio…
14:25:47 job 20149414 running: Loading MiniMax H3 and generating native video + stereo audio…
14:25:53 more-films waiter: resume still running
14:26:07 job 20149414 running: Loading MiniMax H3 and generating native video + stereo audio…
14:26:23 more-films waiter: resume still running
14:26:27 job 20149414 running: Loading MiniMax H3 and generating native video + stereo audio…
14:26:47 job 20149414 running: MiniMax H3 sampling — step 3/20
14:26:53 more-films waiter: resume still running
14:27:07 job 20149414 running: MiniMax H3 sampling — step 7/20
14:27:23 more-films waiter: resume still running
14:27:27 job 20149414 running: MiniMax H3 sampling — step 10/20
14:27:47 job 20149414 running: MiniMax H3 sampling — step 14/20
14:27:53 more-films waiter: resume still running
14:28:07 job 20149414 running: MiniMax H3 sampling — step 18/20
14:28:23 more-films waiter: resume still running
14:28:27 job 20149414 running: MiniMax H3 sampling complete (20/20); decoding video and audio…
14:28:47 job 20149414 completed: Done
14:28:47 done 20149414 minimax_h3_20149414.mp4
14:28:47 concat overnight_matrix_fideos_multiclip.mp4
14:28:48 sequence done overnight_matrix_fideos_multiclip.mp4
14:28:48 sequence bladerunner_amanecer 4 shots
14:28:48 queued bladerunner_amanecer/azotea: d5bef896
14:28:51 queued bladerunner_amanecer/salva: 908416ac
14:28:53 more-films waiter: resume still running
14:28:54 queued bladerunner_amanecer/paloma: 093c19be
14:28:54 queued bladerunner_amanecer/tejado: 8efc5446
14:28:55 job d5bef896 running: Loading MiniMax H3 and generating native video + stereo audio…
14:29:15 job d5bef896 running: Loading MiniMax H3 and generating native video + stereo audio…
14:29:23 more-films waiter: resume still running
14:29:35 job d5bef896 running: Loading MiniMax H3 and generating native video + stereo audio…
14:29:53 more-films waiter: resume still running
14:29:55 job d5bef896 running: Loading MiniMax H3 and generating native video + stereo audio…
14:30:15 job d5bef896 running: Loading MiniMax H3 and generating native video + stereo audio…
14:30:23 more-films waiter: resume still running
14:30:35 job d5bef896 running: Loading MiniMax H3 and generating native video + stereo audio…
14:30:53 more-films waiter: resume still running
14:30:55 job d5bef896 running: MiniMax H3 sampling — step 1/20
14:31:15 job d5bef896 running: MiniMax H3 sampling — step 2/20
14:31:23 more-films waiter: resume still running
14:31:35 job d5bef896 running: MiniMax H3 sampling — step 3/20
14:31:53 more-films waiter: resume still running
14:31:55 job d5bef896 running: MiniMax H3 sampling — step 4/20
14:32:15 job d5bef896 running: MiniMax H3 sampling — step 6/20
14:32:23 more-films waiter: resume still running
14:32:35 job d5bef896 running: MiniMax H3 sampling — step 7/20
14:32:53 more-films waiter: resume still running
14:32:55 job d5bef896 running: MiniMax H3 sampling — step 8/20
14:33:15 job d5bef896 running: MiniMax H3 sampling — step 9/20
14:33:23 more-films waiter: resume still running
14:33:35 job d5bef896 running: MiniMax H3 sampling — step 10/20
14:33:53 more-films waiter: resume still running
14:33:55 job d5bef896 running: MiniMax H3 sampling — step 12/20
14:34:15 job d5bef896 running: MiniMax H3 sampling — step 13/20
14:34:23 more-films waiter: resume still running
14:34:35 job d5bef896 running: MiniMax H3 sampling — step 14/20
14:34:53 more-films waiter: resume still running
14:34:55 job d5bef896 running: MiniMax H3 sampling — step 15/20
14:35:15 job d5bef896 running: MiniMax H3 sampling — step 16/20
14:35:23 more-films waiter: resume still running
14:35:35 job d5bef896 running: MiniMax H3 sampling — step 18/20
14:35:53 more-films waiter: resume still running
14:35:55 job d5bef896 running: MiniMax H3 sampling — step 19/20
14:36:15 job d5bef896 running: MiniMax H3 sampling complete (20/20); decoding video and audio…
14:36:23 more-films waiter: resume still running
14:36:35 job d5bef896 running: MiniMax H3 sampling complete (20/20); decoding video and audio…
14:36:53 more-films waiter: resume still running
14:36:55 job d5bef896 completed: Done
14:36:55 done d5bef896 minimax_h3_d5bef896.mp4
14:36:55 job 908416ac running: Starting the isolated MiniMax H3 runtime…
14:37:15 job 908416ac running: Loading MiniMax H3 and generating native video + stereo audio…
14:37:23 more-films waiter: resume still running
14:37:35 job 908416ac running: Loading MiniMax H3 and generating native video + stereo audio…
14:37:53 more-films waiter: resume still running
14:37:55 job 908416ac running: Loading MiniMax H3 and generating native video + stereo audio…
14:38:15 job 908416ac running: Loading MiniMax H3 and generating native video + stereo audio…
14:38:24 more-films waiter: resume still running
14:38:35 job 908416ac running: Loading MiniMax H3 and generating native video + stereo audio…
14:38:54 more-films waiter: resume still running
14:38:55 job 908416ac running: MiniMax H3 sampling — step 2/20
14:39:15 job 908416ac running: MiniMax H3 sampling — step 5/20
14:39:24 more-films waiter: resume still running
14:39:35 job 908416ac running: MiniMax H3 sampling — step 9/20
14:39:54 more-films waiter: resume still running
14:39:55 job 908416ac running: MiniMax H3 sampling — step 12/20
14:40:15 job 908416ac running: MiniMax H3 sampling — step 16/20
14:40:24 more-films waiter: resume still running
14:40:35 job 908416ac running: MiniMax H3 sampling complete (20/20); decoding video and audio…
14:40:54 more-films waiter: resume still running
14:40:55 job 908416ac running: MiniMax H3 sampling complete (20/20); decoding video and audio…
14:41:15 job 908416ac completed: Done
14:41:15 done 908416ac minimax_h3_908416ac.mp4
14:41:15 job 093c19be running: Loading MiniMax H3 and generating native video + stereo audio…
14:41:24 more-films waiter: resume still running
14:41:35 job 093c19be running: Loading MiniMax H3 and generating native video + stereo audio…
14:41:54 more-films waiter: resume still running
14:41:55 job 093c19be running: Loading MiniMax H3 and generating native video + stereo audio…
14:42:16 job 093c19be running: Loading MiniMax H3 and generating native video + stereo audio…
14:42:24 more-films waiter: resume still running
14:42:36 job 093c19be running: Loading MiniMax H3 and generating native video + stereo audio…
14:42:54 more-films waiter: resume still running
14:42:56 job 093c19be running: Loading MiniMax H3 and generating native video + stereo audio…
14:43:16 job 093c19be running: MiniMax H3 sampling — step 4/20
14:43:24 more-films waiter: resume still running
14:43:36 job 093c19be running: MiniMax H3 sampling — step 7/20
14:43:54 more-films waiter: resume still running
14:43:56 job 093c19be running: MiniMax H3 sampling — step 11/20
14:44:16 job 093c19be running: MiniMax H3 sampling — step 14/20
14:44:24 more-films waiter: resume still running
14:44:36 job 093c19be running: MiniMax H3 sampling — step 18/20
14:44:54 more-films waiter: resume still running
14:44:56 job 093c19be running: MiniMax H3 sampling complete (20/20); decoding video and audio…
14:45:16 job 093c19be completed: Done
14:45:16 done 093c19be minimax_h3_093c19be.mp4
14:45:16 job 8efc5446 running: Starting the isolated MiniMax H3 runtime…
14:45:24 more-films waiter: resume still running
14:45:36 job 8efc5446 running: Loading MiniMax H3 and generating native video + stereo audio…
14:45:54 more-films waiter: resume still running
14:45:56 job 8efc5446 running: Loading MiniMax H3 and generating native video + stereo audio…
14:46:16 job 8efc5446 running: Loading MiniMax H3 and generating native video + stereo audio…
14:46:24 more-films waiter: resume still running
14:46:36 job 8efc5446 running: Loading MiniMax H3 and generating native video + stereo audio…
14:46:54 more-films waiter: resume still running
14:46:56 job 8efc5446 running: Loading MiniMax H3 and generating native video + stereo audio…
14:47:16 job 8efc5446 running: MiniMax H3 sampling — step 1/20
14:47:24 more-films waiter: resume still running
14:47:36 job 8efc5446 running: MiniMax H3 sampling — step 2/20
14:47:54 more-films waiter: resume still running
14:47:56 job 8efc5446 running: MiniMax H3 sampling — step 3/20
14:48:16 job 8efc5446 running: MiniMax H3 sampling — step 4/20
14:48:24 more-films waiter: resume still running
14:48:36 job 8efc5446 running: MiniMax H3 sampling — step 6/20
14:48:54 more-films waiter: resume still running
14:48:56 job 8efc5446 running: MiniMax H3 sampling — step 7/20
14:49:16 job 8efc5446 running: MiniMax H3 sampling — step 8/20
14:49:24 more-films waiter: resume still running
14:49:36 job 8efc5446 running: MiniMax H3 sampling — step 9/20
14:49:54 more-films waiter: resume still running
14:49:56 job 8efc5446 running: MiniMax H3 sampling — step 10/20
14:50:16 job 8efc5446 running: MiniMax H3 sampling — step 12/20
14:50:24 more-films waiter: resume still running
14:50:36 job 8efc5446 running: MiniMax H3 sampling — step 13/20
14:50:54 more-films waiter: resume still running
14:50:56 job 8efc5446 running: MiniMax H3 sampling — step 14/20
14:51:16 job 8efc5446 running: MiniMax H3 sampling — step 15/20
14:51:24 more-films waiter: resume still running
14:51:36 job 8efc5446 running: MiniMax H3 sampling — step 16/20
14:51:54 more-films waiter: resume still running
14:51:56 job 8efc5446 running: MiniMax H3 sampling — step 18/20
14:52:16 job 8efc5446 running: MiniMax H3 sampling — step 19/20
14:52:24 more-films waiter: resume still running
14:52:36 job 8efc5446 running: MiniMax H3 sampling complete (20/20); decoding video and audio…
14:52:55 more-films waiter: resume still running
14:52:56 job 8efc5446 running: MiniMax H3 sampling complete (20/20); decoding video and audio…
14:53:16 job 8efc5446 completed: Done
14:53:16 done 8efc5446 minimax_h3_8efc5446.mp4
14:53:16 concat overnight_bladerunner_amanecer_multiclip.mp4
14:53:18 sequence done overnight_bladerunner_amanecer_multiclip.mp4
14:53:18 iconic movie scenes done
14:53:18 overnight resume finished
14:53:25 idle: before-ryan-enemy
14:53:25 ryan and enemy mine start
14:53:25 sequence ryan_omaha 6 shots
14:53:25 queued ryan_omaha/lanchas: 5f1fd385
14:53:31 queued ryan_omaha/rampa: 69667ea4
14:53:31 queued ryan_omaha/playa: 3ba2249a
14:53:31 queued ryan_omaha/ryan: 056e377b
14:53:32 queued ryan_omaha/ganatelo: 11f5c72a
14:53:32 queued ryan_omaha/tumba: fd4ecec9
14:53:33 job 5f1fd385 running: Loading MiniMax H3 and generating native video + stereo audio…
14:53:53 job 5f1fd385 running: Loading MiniMax H3 and generating native video + stereo audio…
14:54:13 job 5f1fd385 running: Loading MiniMax H3 and generating native video + stereo audio…
14:54:33 job 5f1fd385 running: Loading MiniMax H3 and generating native video + stereo audio…
14:54:53 job 5f1fd385 running: Loading MiniMax H3 and generating native video + stereo audio…
14:55:13 job 5f1fd385 running: Loading MiniMax H3 and generating native video + stereo audio…
14:55:33 job 5f1fd385 running: MiniMax H3 sampling — step 1/20
14:55:53 job 5f1fd385 running: MiniMax H3 sampling — step 2/20
14:56:13 job 5f1fd385 running: MiniMax H3 sampling — step 3/20
14:56:33 job 5f1fd385 running: MiniMax H3 sampling — step 5/20
14:56:53 job 5f1fd385 running: MiniMax H3 sampling — step 6/20
14:57:13 job 5f1fd385 running: MiniMax H3 sampling — step 7/20
14:57:33 job 5f1fd385 running: MiniMax H3 sampling — step 8/20
14:57:53 job 5f1fd385 running: MiniMax H3 sampling — step 9/20
14:58:13 job 5f1fd385 running: MiniMax H3 sampling — step 11/20
14:58:33 job 5f1fd385 running: MiniMax H3 sampling — step 12/20
14:58:53 job 5f1fd385 running: MiniMax H3 sampling — step 13/20
14:59:13 job 5f1fd385 running: MiniMax H3 sampling — step 14/20
14:59:33 job 5f1fd385 running: MiniMax H3 sampling — step 15/20
14:59:53 job 5f1fd385 running: MiniMax H3 sampling — step 16/20
15:00:13 job 5f1fd385 running: MiniMax H3 sampling — step 18/20
15:00:33 job 5f1fd385 running: MiniMax H3 sampling — step 19/20
15:00:53 job 5f1fd385 running: MiniMax H3 sampling complete (20/20); decoding video and audio…
15:01:13 job 5f1fd385 running: MiniMax H3 sampling complete (20/20); decoding video and audio…
15:01:33 job 5f1fd385 completed: Done
15:01:33 done 5f1fd385 minimax_h3_5f1fd385.mp4
15:01:33 job 69667ea4 running: Starting the isolated MiniMax H3 runtime…
15:01:53 job 69667ea4 running: Loading MiniMax H3 and generating native video + stereo audio…
15:02:13 job 69667ea4 running: Loading MiniMax H3 and generating native video + stereo audio…
15:02:33 job 69667ea4 running: Loading MiniMax H3 and generating native video + stereo audio…
15:02:53 job 69667ea4 running: Loading MiniMax H3 and generating native video + stereo audio…
15:03:13 job 69667ea4 running: Loading MiniMax H3 and generating native video + stereo audio…
15:03:33 job 69667ea4 running: MiniMax H3 sampling — step 2/20
15:03:53 job 69667ea4 running: MiniMax H3 sampling — step 6/20
15:04:13 job 69667ea4 running: MiniMax H3 sampling — step 9/20
15:04:33 job 69667ea4 running: MiniMax H3 sampling — step 13/20
15:04:53 job 69667ea4 running: MiniMax H3 sampling — step 17/20
15:05:13 job 69667ea4 running: MiniMax H3 sampling complete (20/20); decoding video and audio…
15:05:33 job 69667ea4 running: MiniMax H3 sampling complete (20/20); decoding video and audio…
15:05:53 job 69667ea4 completed: Done
15:05:53 done 69667ea4 minimax_h3_69667ea4.mp4
15:05:53 job 3ba2249a running: Loading MiniMax H3 and generating native video + stereo audio…
15:06:14 job 3ba2249a running: Loading MiniMax H3 and generating native video + stereo audio…
15:06:34 job 3ba2249a running: Loading MiniMax H3 and generating native video + stereo audio…
15:06:54 job 3ba2249a running: Loading MiniMax H3 and generating native video + stereo audio…
15:07:14 job 3ba2249a running: Loading MiniMax H3 and generating native video + stereo audio…
15:07:34 job 3ba2249a running: Loading MiniMax H3 and generating native video + stereo audio…
15:07:54 job 3ba2249a running: MiniMax H3 sampling — step 1/20
15:08:14 job 3ba2249a running: MiniMax H3 sampling — step 2/20
15:08:34 job 3ba2249a running: MiniMax H3 sampling — step 3/20
15:08:54 job 3ba2249a running: MiniMax H3 sampling — step 4/20
15:09:14 job 3ba2249a running: MiniMax H3 sampling — step 4/20
15:09:34 job 3ba2249a running: MiniMax H3 sampling — step 5/20
15:09:54 job 3ba2249a running: MiniMax H3 sampling — step 6/20
15:10:14 job 3ba2249a running: MiniMax H3 sampling — step 7/20
15:10:34 job 3ba2249a running: MiniMax H3 sampling — step 8/20
15:10:54 job 3ba2249a running: MiniMax H3 sampling — step 9/20
15:11:14 job 3ba2249a running: MiniMax H3 sampling — step 10/20
15:11:34 job 3ba2249a running: MiniMax H3 sampling — step 10/20
15:11:54 job 3ba2249a running: MiniMax H3 sampling — step 11/20
15:12:14 job 3ba2249a running: MiniMax H3 sampling — step 12/20
15:12:34 job 3ba2249a running: MiniMax H3 sampling — step 13/20
15:12:54 job 3ba2249a running: MiniMax H3 sampling — step 14/20
15:13:14 job 3ba2249a running: MiniMax H3 sampling — step 15/20
15:13:34 job 3ba2249a running: MiniMax H3 sampling — step 16/20
15:13:54 job 3ba2249a running: MiniMax H3 sampling — step 16/20
15:14:14 job 3ba2249a running: MiniMax H3 sampling — step 17/20
15:14:34 job 3ba2249a running: MiniMax H3 sampling — step 18/20
15:14:54 job 3ba2249a running: MiniMax H3 sampling — step 19/20
15:15:14 job 3ba2249a running: MiniMax H3 sampling complete (20/20); decoding video and audio…
15:15:34 job 3ba2249a running: MiniMax H3 sampling complete (20/20); decoding video and audio…
15:15:54 job 3ba2249a running: MiniMax H3 sampling complete (20/20); decoding video and audio…
15:16:14 job 3ba2249a completed: Done
15:16:15 done 3ba2249a minimax_h3_3ba2249a.mp4
15:16:16 job 056e377b running: Loading MiniMax H3 and generating native video + stereo audio…
15:16:36 job 056e377b running: Loading MiniMax H3 and generating native video + stereo audio…
15:16:56 job 056e377b running: Loading MiniMax H3 and generating native video + stereo audio…
15:17:16 job 056e377b running: Loading MiniMax H3 and generating native video + stereo audio…
15:17:36 job 056e377b running: Loading MiniMax H3 and generating native video + stereo audio…
15:17:56 job 056e377b running: Loading MiniMax H3 and generating native video + stereo audio…
15:18:16 job 056e377b running: Loading MiniMax H3 and generating native video + stereo audio…
15:18:36 job 056e377b running: MiniMax H3 sampling — step 3/20
15:18:56 job 056e377b running: MiniMax H3 sampling — step 6/20
15:19:20 job 056e377b running: MiniMax H3 sampling — step 10/20
15:19:40 job 056e377b running: MiniMax H3 sampling — step 14/20
15:20:00 job 056e377b running: MiniMax H3 sampling — step 18/20
15:20:20 job 056e377b running: MiniMax H3 sampling complete (20/20); decoding video and audio…
15:20:40 job 056e377b completed: Done
15:20:40 done 056e377b minimax_h3_056e377b.mp4
15:20:40 job 11f5c72a queued: Queued
15:21:00 job 11f5c72a running: Loading MiniMax H3 and generating native video + stereo audio…
15:21:20 job 11f5c72a running: Loading MiniMax H3 and generating native video + stereo audio…
15:21:40 job 11f5c72a running: Loading MiniMax H3 and generating native video + stereo audio…
15:22:00 job 11f5c72a running: Loading MiniMax H3 and generating native video + stereo audio…
15:22:20 job 11f5c72a running: Loading MiniMax H3 and generating native video + stereo audio…
15:22:40 job 11f5c72a running: Loading MiniMax H3 and generating native video + stereo audio…
15:23:00 job 11f5c72a running: MiniMax H3 sampling — step 3/20
15:23:20 job 11f5c72a running: MiniMax H3 sampling — step 7/20
15:23:40 job 11f5c72a running: MiniMax H3 sampling — step 10/20
15:24:00 job 11f5c72a running: MiniMax H3 sampling — step 14/20
15:24:20 job 11f5c72a running: MiniMax H3 sampling — step 18/20
15:24:40 job 11f5c72a running: MiniMax H3 sampling complete (20/20); decoding video and audio…
15:25:00 job 11f5c72a completed: Done
15:25:00 done 11f5c72a minimax_h3_11f5c72a.mp4
15:25:00 job fd4ecec9 queued: Queued
15:25:20 job fd4ecec9 running: Loading MiniMax H3 and generating native video + stereo audio…
15:25:40 job fd4ecec9 running: Loading MiniMax H3 and generating native video + stereo audio…
15:26:00 job fd4ecec9 running: Loading MiniMax H3 and generating native video + stereo audio…
15:26:20 job fd4ecec9 running: Loading MiniMax H3 and generating native video + stereo audio…
15:26:40 job fd4ecec9 running: Loading MiniMax H3 and generating native video + stereo audio…
15:27:00 job fd4ecec9 running: MiniMax H3 sampling — step 1/20
15:27:21 job fd4ecec9 running: MiniMax H3 sampling — step 5/20
15:27:41 job fd4ecec9 running: MiniMax H3 sampling — step 9/20
15:28:01 job fd4ecec9 running: MiniMax H3 sampling — step 12/20
15:28:21 job fd4ecec9 running: MiniMax H3 sampling — step 16/20
15:28:41 job fd4ecec9 running: MiniMax H3 sampling complete (20/20); decoding video and audio…
15:29:01 job fd4ecec9 running: MiniMax H3 sampling complete (20/20); decoding video and audio…
15:29:21 job fd4ecec9 completed: Done
15:29:21 done fd4ecec9 minimax_h3_fd4ecec9.mp4
15:29:21 concat overnight_ryan_omaha_multiclip.mp4
15:29:23 sequence done overnight_ryan_omaha_multiclip.mp4
15:29:23 sequence enemy_mine 6 shots
15:29:23 queued enemy_mine/combate: 63709cf7
15:29:26 queued enemy_mine/choque: 29f6ea82
15:29:27 queued enemy_mine/cara: 16049df5
15:29:27 queued enemy_mine/cueva: b737b559
15:29:28 queued enemy_mine/zammis: 553dfed8
15:29:28 queued enemy_mine/cielo: 027b29b9
15:29:29 job 63709cf7 running: Loading MiniMax H3 and generating native video + stereo audio…
15:29:49 job 63709cf7 running: Loading MiniMax H3 and generating native video + stereo audio…
15:30:09 job 63709cf7 running: Loading MiniMax H3 and generating native video + stereo audio…
15:30:29 job 63709cf7 running: Loading MiniMax H3 and generating native video + stereo audio…
15:30:49 job 63709cf7 running: Loading MiniMax H3 and generating native video + stereo audio…
15:31:09 job 63709cf7 running: Loading MiniMax H3 and generating native video + stereo audio…
15:31:29 job 63709cf7 running: MiniMax H3 sampling — step 1/20
15:31:49 job 63709cf7 running: MiniMax H3 sampling — step 2/20
15:32:09 job 63709cf7 running: MiniMax H3 sampling — step 4/20
15:32:29 job 63709cf7 running: MiniMax H3 sampling — step 5/20
15:32:49 job 63709cf7 running: MiniMax H3 sampling — step 6/20
15:33:09 job 63709cf7 running: MiniMax H3 sampling — step 7/20
15:33:29 job 63709cf7 running: MiniMax H3 sampling — step 8/20
15:33:49 job 63709cf7 running: MiniMax H3 sampling — step 9/20
15:34:09 job 63709cf7 running: MiniMax H3 sampling — step 11/20
15:34:29 job 63709cf7 running: MiniMax H3 sampling — step 12/20
15:34:49 job 63709cf7 running: MiniMax H3 sampling — step 13/20
15:35:09 job 63709cf7 running: MiniMax H3 sampling — step 14/20
15:35:29 job 63709cf7 running: MiniMax H3 sampling — step 15/20
15:35:49 job 63709cf7 running: MiniMax H3 sampling — step 17/20
15:36:09 job 63709cf7 running: MiniMax H3 sampling — step 18/20
15:36:29 job 63709cf7 running: MiniMax H3 sampling — step 19/20
15:36:49 job 63709cf7 running: MiniMax H3 sampling complete (20/20); decoding video and audio…
15:37:09 job 63709cf7 running: MiniMax H3 sampling complete (20/20); decoding video and audio…
15:37:29 job 63709cf7 completed: Done
15:37:29 done 63709cf7 minimax_h3_63709cf7.mp4
15:37:29 job 29f6ea82 running: Loading MiniMax H3 and generating native video + stereo audio…
15:37:49 job 29f6ea82 running: Loading MiniMax H3 and generating native video + stereo audio…
15:38:09 job 29f6ea82 running: Loading MiniMax H3 and generating native video + stereo audio…
15:38:29 job 29f6ea82 running: Loading MiniMax H3 and generating native video + stereo audio…
15:38:49 job 29f6ea82 running: Loading MiniMax H3 and generating native video + stereo audio…
15:39:09 job 29f6ea82 running: Loading MiniMax H3 and generating native video + stereo audio…
15:39:30 job 29f6ea82 running: Loading MiniMax H3 and generating native video + stereo audio…
15:39:50 job 29f6ea82 running: MiniMax H3 sampling — step 2/20
15:40:10 job 29f6ea82 running: MiniMax H3 sampling — step 3/20
15:40:30 job 29f6ea82 running: MiniMax H3 sampling — step 4/20
15:40:50 job 29f6ea82 running: MiniMax H3 sampling — step 6/20
15:41:10 job 29f6ea82 running: MiniMax H3 sampling — step 7/20
15:41:30 job 29f6ea82 running: MiniMax H3 sampling — step 8/20
15:41:50 job 29f6ea82 running: MiniMax H3 sampling — step 9/20
15:42:10 job 29f6ea82 running: MiniMax H3 sampling — step 10/20
15:42:30 job 29f6ea82 running: MiniMax H3 sampling — step 11/20
15:42:50 job 29f6ea82 running: MiniMax H3 sampling — step 13/20
15:43:10 job 29f6ea82 running: MiniMax H3 sampling — step 14/20
15:43:30 job 29f6ea82 running: MiniMax H3 sampling — step 15/20
15:43:50 job 29f6ea82 running: MiniMax H3 sampling — step 16/20
15:44:10 job 29f6ea82 running: MiniMax H3 sampling — step 17/20
15:44:30 job 29f6ea82 running: MiniMax H3 sampling — step 19/20
15:44:50 job 29f6ea82 running: MiniMax H3 sampling complete (20/20); decoding video and audio…
15:45:10 job 29f6ea82 running: MiniMax H3 sampling complete (20/20); decoding video and audio…
15:45:30 job 29f6ea82 running: MiniMax H3 sampling complete (20/20); decoding video and audio…
15:45:50 job 29f6ea82 completed: Done
15:45:50 done 29f6ea82 minimax_h3_29f6ea82.mp4
15:45:50 job 16049df5 running: Loading MiniMax H3 and generating native video + stereo audio…
15:46:10 job 16049df5 running: Loading MiniMax H3 and generating native video + stereo audio…
15:46:30 job 16049df5 running: Loading MiniMax H3 and generating native video + stereo audio…
15:46:50 job 16049df5 running: Loading MiniMax H3 and generating native video + stereo audio…
15:47:10 job 16049df5 running: Loading MiniMax H3 and generating native video + stereo audio…
15:47:30 job 16049df5 running: Loading MiniMax H3 and generating native video + stereo audio…
15:47:50 job 16049df5 running: MiniMax H3 sampling — step 4/20
15:48:10 job 16049df5 running: MiniMax H3 sampling — step 8/20
15:48:30 job 16049df5 running: MiniMax H3 sampling — step 11/20
15:48:50 job 16049df5 running: MiniMax H3 sampling — step 15/20
15:49:10 job 16049df5 running: MiniMax H3 sampling — step 19/20
15:49:30 job 16049df5 running: MiniMax H3 sampling complete (20/20); decoding video and audio…
15:49:50 job 16049df5 completed: Done
15:49:50 done 16049df5 minimax_h3_16049df5.mp4
15:49:50 job b737b559 running: Loading MiniMax H3 and generating native video + stereo audio…
15:50:10 job b737b559 running: Loading MiniMax H3 and generating native video + stereo audio…
15:50:30 job b737b559 running: Loading MiniMax H3 and generating native video + stereo audio…
15:50:50 job b737b559 running: Loading MiniMax H3 and generating native video + stereo audio…
15:51:10 job b737b559 running: Loading MiniMax H3 and generating native video + stereo audio…
15:51:30 job b737b559 running: Loading MiniMax H3 and generating native video + stereo audio…
15:51:50 job b737b559 running: MiniMax H3 sampling — step 3/20
15:52:10 job b737b559 running: MiniMax H3 sampling — step 6/20
15:52:30 job b737b559 running: MiniMax H3 sampling — step 10/20
15:52:50 job b737b559 running: MiniMax H3 sampling — step 14/20
15:53:10 job b737b559 running: MiniMax H3 sampling — step 17/20
15:53:30 job b737b559 running: MiniMax H3 sampling complete (20/20); decoding video and audio…
15:53:51 job b737b559 running: MiniMax H3 sampling complete (20/20); decoding video and audio…
15:54:11 job b737b559 completed: Done
15:54:11 done b737b559 minimax_h3_b737b559.mp4
15:54:11 job 553dfed8 running: Loading MiniMax H3 and generating native video + stereo audio…
15:54:31 job 553dfed8 running: Loading MiniMax H3 and generating native video + stereo audio…
15:54:51 job 553dfed8 running: Loading MiniMax H3 and generating native video + stereo audio…
15:55:11 job 553dfed8 running: Loading MiniMax H3 and generating native video + stereo audio…
15:55:31 job 553dfed8 running: Loading MiniMax H3 and generating native video + stereo audio…
15:55:51 job 553dfed8 running: MiniMax H3 sampling — step 1/20
15:56:11 job 553dfed8 running: MiniMax H3 sampling — step 5/20
15:56:31 job 553dfed8 running: MiniMax H3 sampling — step 8/20
15:56:51 job 553dfed8 running: MiniMax H3 sampling — step 12/20
15:57:11 job 553dfed8 running: MiniMax H3 sampling — step 16/20
15:57:31 job 553dfed8 running: MiniMax H3 sampling — step 19/20
15:57:51 job 553dfed8 running: MiniMax H3 sampling complete (20/20); decoding video and audio…
15:58:11 job 553dfed8 completed: Done
15:58:11 done 553dfed8 minimax_h3_553dfed8.mp4
15:58:11 job 027b29b9 running: Loading MiniMax H3 and generating native video + stereo audio…
15:58:31 job 027b29b9 running: Loading MiniMax H3 and generating native video + stereo audio…
15:58:51 job 027b29b9 running: Loading MiniMax H3 and generating native video + stereo audio…
15:59:11 job 027b29b9 running: Loading MiniMax H3 and generating native video + stereo audio…
15:59:31 job 027b29b9 running: Loading MiniMax H3 and generating native video + stereo audio…
15:59:51 job 027b29b9 running: Loading MiniMax H3 and generating native video + stereo audio…
16:00:11 job 027b29b9 running: MiniMax H3 sampling — step 3/20
16:00:31 job 027b29b9 running: MiniMax H3 sampling — step 6/20
16:00:51 job 027b29b9 running: MiniMax H3 sampling — step 10/20
16:01:11 job 027b29b9 running: MiniMax H3 sampling — step 14/20
16:01:31 job 027b29b9 running: MiniMax H3 sampling — step 17/20
16:01:51 job 027b29b9 running: MiniMax H3 sampling complete (20/20); decoding video and audio…
16:02:11 job 027b29b9 completed: Done
16:02:11 done 027b29b9 minimax_h3_027b29b9.mp4
16:02:11 concat overnight_enemy_mine_multiclip.mp4
16:02:13 sequence done overnight_enemy_mine_multiclip.mp4
16:02:13 ryan and enemy mine done
16:02:13 more-films done
00:55:11 parodies2 api up http://127.0.0.1:42004
00:55:11 idle: parodies2-start
00:55:11 sequence godfather_cannoli 4 shots
00:55:11 queued godfather_cannoli/despacho: 758876ea
00:55:11 queued godfather_cannoli/oferta: 72615cb1
00:55:15 queued godfather_cannoli/mesa: 67f52d47
00:55:16 queued godfather_cannoli/brindis: c2db0860
00:55:16 job 758876ea running: Loading MiniMax H3 and generating native video + stereo audio…
00:55:36 job 758876ea running: Loading MiniMax H3 and generating native video + stereo audio…
00:55:56 job 758876ea running: Loading MiniMax H3 and generating native video + stereo audio…
00:56:16 job 758876ea running: Loading MiniMax H3 and generating native video + stereo audio…
00:56:36 job 758876ea running: Loading MiniMax H3 and generating native video + stereo audio…
00:56:56 job 758876ea running: Loading MiniMax H3 and generating native video + stereo audio…
00:57:16 job 758876ea running: MiniMax H3 sampling — step 2/20
00:57:36 job 758876ea running: MiniMax H3 sampling — step 5/20
00:57:56 job 758876ea running: MiniMax H3 sampling — step 9/20
00:58:16 job 758876ea running: MiniMax H3 sampling — step 12/20
00:58:36 job 758876ea running: MiniMax H3 sampling — step 16/20
00:58:56 job 758876ea running: MiniMax H3 sampling — step 19/20
00:59:16 job 758876ea running: MiniMax H3 sampling complete (20/20); decoding video and audio…
00:59:36 job 758876ea completed: Done
00:59:36 done 758876ea minimax_h3_758876ea.mp4
00:59:36 job 72615cb1 running: Loading MiniMax H3 and generating native video + stereo audio…
00:59:56 job 72615cb1 running: Loading MiniMax H3 and generating native video + stereo audio…
01:00:16 job 72615cb1 running: Loading MiniMax H3 and generating native video + stereo audio…
01:00:36 job 72615cb1 running: Loading MiniMax H3 and generating native video + stereo audio…
01:00:56 job 72615cb1 running: Loading MiniMax H3 and generating native video + stereo audio…
01:01:16 job 72615cb1 running: Loading MiniMax H3 and generating native video + stereo audio…
01:01:36 job 72615cb1 running: MiniMax H3 sampling — step 2/20
01:01:56 job 72615cb1 running: MiniMax H3 sampling — step 6/20
01:02:16 job 72615cb1 running: MiniMax H3 sampling — step 9/20
01:02:36 job 72615cb1 running: MiniMax H3 sampling — step 13/20
01:02:57 job 72615cb1 running: MiniMax H3 sampling — step 16/20
01:03:17 job 72615cb1 running: MiniMax H3 sampling complete (20/20); decoding video and audio…
01:03:37 job 72615cb1 running: MiniMax H3 sampling complete (20/20); decoding video and audio…
01:03:57 job 72615cb1 completed: Done
01:03:57 done 72615cb1 minimax_h3_72615cb1.mp4
01:03:57 job 67f52d47 running: Loading MiniMax H3 and generating native video + stereo audio…
01:04:17 job 67f52d47 running: Loading MiniMax H3 and generating native video + stereo audio…
01:04:37 job 67f52d47 running: Loading MiniMax H3 and generating native video + stereo audio…
01:04:57 job 67f52d47 running: Loading MiniMax H3 and generating native video + stereo audio…
01:05:17 job 67f52d47 running: Loading MiniMax H3 and generating native video + stereo audio…
01:05:37 job 67f52d47 running: Loading MiniMax H3 and generating native video + stereo audio…
01:05:57 job 67f52d47 running: MiniMax H3 sampling — step 1/20
01:06:17 job 67f52d47 running: MiniMax H3 sampling — step 2/20
01:06:37 job 67f52d47 running: MiniMax H3 sampling — step 4/20
01:06:57 job 67f52d47 running: MiniMax H3 sampling — step 5/20
01:07:17 job 67f52d47 running: MiniMax H3 sampling — step 6/20
01:07:37 job 67f52d47 running: MiniMax H3 sampling — step 7/20
01:07:57 job 67f52d47 running: MiniMax H3 sampling — step 8/20
01:08:17 job 67f52d47 running: MiniMax H3 sampling — step 9/20
01:08:37 job 67f52d47 running: MiniMax H3 sampling — step 10/20
01:08:57 job 67f52d47 running: MiniMax H3 sampling — step 12/20
01:09:17 job 67f52d47 running: MiniMax H3 sampling — step 13/20
01:09:37 job 67f52d47 running: MiniMax H3 sampling — step 14/20
01:09:57 job 67f52d47 running: MiniMax H3 sampling — step 15/20
01:10:17 job 67f52d47 running: MiniMax H3 sampling — step 16/20
01:10:37 job 67f52d47 running: MiniMax H3 sampling — step 17/20
01:10:57 job 67f52d47 running: MiniMax H3 sampling — step 19/20
01:11:17 job 67f52d47 running: MiniMax H3 sampling complete (20/20); decoding video and audio…
01:11:37 job 67f52d47 running: MiniMax H3 sampling complete (20/20); decoding video and audio…
01:11:57 job 67f52d47 completed: Done
01:11:57 done 67f52d47 minimax_h3_67f52d47.mp4
01:11:57 job c2db0860 running: Starting the isolated MiniMax H3 runtime…
01:12:17 job c2db0860 running: Loading MiniMax H3 and generating native video + stereo audio…
01:12:37 job c2db0860 running: Loading MiniMax H3 and generating native video + stereo audio…
01:12:57 job c2db0860 running: Loading MiniMax H3 and generating native video + stereo audio…
01:13:17 job c2db0860 running: Loading MiniMax H3 and generating native video + stereo audio…
01:13:37 job c2db0860 running: Loading MiniMax H3 and generating native video + stereo audio…
01:13:57 job c2db0860 running: MiniMax H3 sampling — step 1/20
01:14:17 job c2db0860 running: MiniMax H3 sampling — step 5/20
01:14:37 job c2db0860 running: MiniMax H3 sampling — step 8/20
01:14:57 job c2db0860 running: MiniMax H3 sampling — step 12/20
01:15:17 job c2db0860 running: MiniMax H3 sampling — step 15/20
01:15:37 job c2db0860 running: MiniMax H3 sampling — step 19/20
01:15:57 job c2db0860 running: MiniMax H3 sampling complete (20/20); decoding video and audio…
01:16:17 job c2db0860 completed: Done
01:16:17 done c2db0860 minimax_h3_c2db0860.mp4
01:16:17 concat overnight_godfather_cannoli_multiclip.mp4
01:16:19 sequence done overnight_godfather_cannoli_multiclip.mp4
01:16:19 sequence jaws_amigo 4 shots
01:16:19 queued jaws_amigo/boya: cd7ed382
01:16:21 queued jaws_amigo/aparece: 102bb587
01:16:24 queued jaws_amigo/pesca: 19f62442
01:16:25 queued jaws_amigo/playa: 5627bdf3
01:16:25 job cd7ed382 running: Loading MiniMax H3 and generating native video + stereo audio…
01:16:45 job cd7ed382 running: Loading MiniMax H3 and generating native video + stereo audio…
01:17:05 job cd7ed382 running: Loading MiniMax H3 and generating native video + stereo audio…
01:17:25 job cd7ed382 running: Loading MiniMax H3 and generating native video + stereo audio…
01:17:45 job cd7ed382 running: Loading MiniMax H3 and generating native video + stereo audio…
01:18:05 job cd7ed382 running: Loading MiniMax H3 and generating native video + stereo audio…
01:18:25 job cd7ed382 running: Loading MiniMax H3 and generating native video + stereo audio…
01:18:45 job cd7ed382 running: MiniMax H3 sampling — step 2/20
01:19:05 job cd7ed382 running: MiniMax H3 sampling — step 3/20
01:19:25 job cd7ed382 running: MiniMax H3 sampling — step 4/20
01:19:45 job cd7ed382 running: MiniMax H3 sampling — step 5/20
01:20:05 job cd7ed382 running: MiniMax H3 sampling — step 7/20
01:20:25 job cd7ed382 running: MiniMax H3 sampling — step 8/20
01:20:45 job cd7ed382 running: MiniMax H3 sampling — step 9/20
01:21:05 job cd7ed382 running: MiniMax H3 sampling — step 10/20
01:21:25 job cd7ed382 running: MiniMax H3 sampling — step 11/20
01:21:45 job cd7ed382 running: MiniMax H3 sampling — step 12/20
01:22:05 job cd7ed382 running: MiniMax H3 sampling — step 13/20
01:22:25 job cd7ed382 running: MiniMax H3 sampling — step 15/20
01:22:45 job cd7ed382 running: MiniMax H3 sampling — step 16/20
01:23:05 job cd7ed382 running: MiniMax H3 sampling — step 17/20
01:23:25 job cd7ed382 running: MiniMax H3 sampling — step 18/20
01:23:45 job cd7ed382 running: MiniMax H3 sampling — step 19/20
01:24:05 job cd7ed382 running: MiniMax H3 sampling complete (20/20); decoding video and audio…
01:24:25 job cd7ed382 running: MiniMax H3 sampling complete (20/20); decoding video and audio…
01:24:45 job cd7ed382 completed: Done
01:24:45 done cd7ed382 minimax_h3_cd7ed382.mp4
01:24:45 job 102bb587 running: Loading MiniMax H3 and generating native video + stereo audio…
01:25:05 job 102bb587 running: Loading MiniMax H3 and generating native video + stereo audio…
01:25:25 job 102bb587 running: Loading MiniMax H3 and generating native video + stereo audio…
01:25:46 job 102bb587 running: Loading MiniMax H3 and generating native video + stereo audio…
01:26:06 job 102bb587 running: Loading MiniMax H3 and generating native video + stereo audio…
01:26:26 job 102bb587 running: Loading MiniMax H3 and generating native video + stereo audio…
01:26:46 job 102bb587 running: MiniMax H3 sampling — step 3/20
01:27:06 job 102bb587 running: MiniMax H3 sampling — step 6/20
01:27:26 job 102bb587 running: MiniMax H3 sampling — step 10/20
01:27:46 job 102bb587 running: MiniMax H3 sampling — step 13/20
01:28:06 job 102bb587 running: MiniMax H3 sampling — step 17/20
01:28:26 job 102bb587 running: MiniMax H3 sampling complete (20/20); decoding video and audio…
01:28:46 job 102bb587 running: MiniMax H3 sampling complete (20/20); decoding video and audio…
01:29:06 job 102bb587 completed: Done
01:29:06 done 102bb587 minimax_h3_102bb587.mp4
01:29:06 job 19f62442 running: Loading MiniMax H3 and generating native video + stereo audio…
01:29:26 job 19f62442 running: Loading MiniMax H3 and generating native video + stereo audio…
01:29:46 job 19f62442 running: Loading MiniMax H3 and generating native video + stereo audio…
01:30:06 job 19f62442 running: Loading MiniMax H3 and generating native video + stereo audio…
01:30:26 job 19f62442 running: Loading MiniMax H3 and generating native video + stereo audio…
01:30:46 job 19f62442 running: Loading MiniMax H3 and generating native video + stereo audio…
01:31:06 job 19f62442 running: MiniMax H3 sampling — step 2/20
01:31:26 job 19f62442 running: MiniMax H3 sampling — step 4/20
01:31:46 job 19f62442 running: MiniMax H3 sampling — step 6/20
01:32:06 job 19f62442 running: MiniMax H3 sampling — step 7/20
01:32:26 job 19f62442 running: MiniMax H3 sampling — step 9/20
01:32:46 job 19f62442 running: MiniMax H3 sampling — step 11/20
01:33:06 job 19f62442 running: MiniMax H3 sampling — step 13/20
01:33:26 job 19f62442 running: MiniMax H3 sampling — step 14/20
01:33:46 job 19f62442 running: MiniMax H3 sampling — step 16/20
01:34:06 job 19f62442 running: MiniMax H3 sampling — step 18/20
01:34:26 job 19f62442 running: MiniMax H3 sampling — step 19/20
01:34:46 job 19f62442 running: MiniMax H3 sampling complete (20/20); decoding video and audio…
01:35:06 job 19f62442 completed: Done
01:35:06 done 19f62442 minimax_h3_19f62442.mp4
01:35:06 job 5627bdf3 running: Starting the isolated MiniMax H3 runtime…
01:35:26 job 5627bdf3 running: Loading MiniMax H3 and generating native video + stereo audio…
01:35:46 job 5627bdf3 running: Loading MiniMax H3 and generating native video + stereo audio…
01:36:06 job 5627bdf3 running: Loading MiniMax H3 and generating native video + stereo audio…
01:36:26 job 5627bdf3 running: Loading MiniMax H3 and generating native video + stereo audio…
01:36:46 job 5627bdf3 running: Loading MiniMax H3 and generating native video + stereo audio…
01:37:06 job 5627bdf3 running: MiniMax H3 sampling — step 1/20
01:37:26 job 5627bdf3 running: MiniMax H3 sampling — step 5/20
01:37:47 job 5627bdf3 running: MiniMax H3 sampling — step 9/20
01:38:07 job 5627bdf3 running: MiniMax H3 sampling — step 12/20
01:38:27 job 5627bdf3 running: MiniMax H3 sampling — step 16/20
01:38:47 job 5627bdf3 running: MiniMax H3 sampling — step 19/20
01:39:07 job 5627bdf3 running: MiniMax H3 sampling complete (20/20); decoding video and audio…
01:39:27 job 5627bdf3 completed: Done
01:39:27 done 5627bdf3 minimax_h3_5627bdf3.mp4
01:39:27 concat overnight_jaws_amigo_multiclip.mp4
01:39:28 sequence done overnight_jaws_amigo_multiclip.mp4
01:39:28 sequence rocky_pizza 4 shots
01:39:30 queued rocky_pizza/escaleras: 3b3cd055
01:39:33 queued rocky_pizza/alto: 3884bb76
01:39:33 queued rocky_pizza/pizza: ccdc3941
01:39:34 queued rocky_pizza/baile: 60c4127f
01:39:34 job 3b3cd055 running: Loading MiniMax H3 and generating native video + stereo audio…
01:39:54 job 3b3cd055 running: Loading MiniMax H3 and generating native video + stereo audio…
01:40:14 job 3b3cd055 running: Loading MiniMax H3 and generating native video + stereo audio…
01:40:34 job 3b3cd055 running: Loading MiniMax H3 and generating native video + stereo audio…
01:40:54 job 3b3cd055 running: Loading MiniMax H3 and generating native video + stereo audio…
01:41:14 job 3b3cd055 running: Loading MiniMax H3 and generating native video + stereo audio…
01:41:34 job 3b3cd055 running: Loading MiniMax H3 and generating native video + stereo audio…
01:41:54 job 3b3cd055 running: MiniMax H3 sampling — step 2/20
01:42:14 job 3b3cd055 running: MiniMax H3 sampling — step 3/20
01:42:34 job 3b3cd055 running: MiniMax H3 sampling — step 4/20
01:42:54 job 3b3cd055 running: MiniMax H3 sampling — step 5/20
01:43:14 job 3b3cd055 running: MiniMax H3 sampling — step 7/20
01:43:34 job 3b3cd055 running: MiniMax H3 sampling — step 8/20
01:43:54 job 3b3cd055 running: MiniMax H3 sampling — step 9/20
01:44:14 job 3b3cd055 running: MiniMax H3 sampling — step 10/20
01:44:34 job 3b3cd055 running: MiniMax H3 sampling — step 11/20
01:44:54 job 3b3cd055 running: MiniMax H3 sampling — step 12/20
01:45:14 job 3b3cd055 running: MiniMax H3 sampling — step 14/20
01:45:34 job 3b3cd055 running: MiniMax H3 sampling — step 15/20
01:45:54 job 3b3cd055 running: MiniMax H3 sampling — step 16/20
01:46:14 job 3b3cd055 running: MiniMax H3 sampling — step 17/20
01:46:34 job 3b3cd055 running: MiniMax H3 sampling — step 18/20
01:46:54 job 3b3cd055 running: MiniMax H3 sampling — step 19/20
01:47:14 job 3b3cd055 running: MiniMax H3 sampling complete (20/20); decoding video and audio…
01:47:35 job 3b3cd055 running: MiniMax H3 sampling complete (20/20); decoding video and audio…
01:47:55 job 3b3cd055 completed: Done
01:47:55 done 3b3cd055 minimax_h3_3b3cd055.mp4
01:47:55 job 3884bb76 running: Loading MiniMax H3 and generating native video + stereo audio…
01:48:15 job 3884bb76 running: Loading MiniMax H3 and generating native video + stereo audio…
01:48:35 job 3884bb76 running: Loading MiniMax H3 and generating native video + stereo audio…
01:48:55 job 3884bb76 running: Loading MiniMax H3 and generating native video + stereo audio…
01:49:15 job 3884bb76 running: Loading MiniMax H3 and generating native video + stereo audio…
01:49:35 job 3884bb76 running: Loading MiniMax H3 and generating native video + stereo audio…
01:49:55 job 3884bb76 running: MiniMax H3 sampling — step 3/20
01:50:15 job 3884bb76 running: MiniMax H3 sampling — step 7/20
01:50:35 job 3884bb76 running: MiniMax H3 sampling — step 10/20
01:50:55 job 3884bb76 running: MiniMax H3 sampling — step 14/20
01:51:15 job 3884bb76 running: MiniMax H3 sampling — step 17/20
01:51:35 job 3884bb76 running: MiniMax H3 sampling complete (20/20); decoding video and audio…
01:51:55 job 3884bb76 completed: Done
01:51:55 done 3884bb76 minimax_h3_3884bb76.mp4
01:51:55 job ccdc3941 queued: Queued
01:52:15 job ccdc3941 running: Loading MiniMax H3 and generating native video + stereo audio…
01:52:35 job ccdc3941 running: Loading MiniMax H3 and generating native video + stereo audio…
01:52:55 job ccdc3941 running: Loading MiniMax H3 and generating native video + stereo audio…
01:53:15 job ccdc3941 running: Loading MiniMax H3 and generating native video + stereo audio…
01:53:35 job ccdc3941 running: Loading MiniMax H3 and generating native video + stereo audio…
01:53:55 job ccdc3941 running: Loading MiniMax H3 and generating native video + stereo audio…
01:54:15 job ccdc3941 running: MiniMax H3 sampling — step 2/20
01:54:35 job ccdc3941 running: MiniMax H3 sampling — step 3/20
01:54:55 job ccdc3941 running: MiniMax H3 sampling — step 4/20
01:55:15 job ccdc3941 running: MiniMax H3 sampling — step 5/20
01:55:35 job ccdc3941 running: MiniMax H3 sampling — step 6/20
01:55:55 job ccdc3941 running: MiniMax H3 sampling — step 7/20
01:56:15 job ccdc3941 running: MiniMax H3 sampling — step 9/20
01:56:35 job ccdc3941 running: MiniMax H3 sampling — step 10/20
01:56:55 job ccdc3941 running: MiniMax H3 sampling — step 11/20
01:57:15 job ccdc3941 running: MiniMax H3 sampling — step 12/20
01:57:35 job ccdc3941 running: MiniMax H3 sampling — step 13/20
01:57:55 job ccdc3941 running: MiniMax H3 sampling — step 14/20
01:58:15 job ccdc3941 running: MiniMax H3 sampling — step 16/20
01:58:35 job ccdc3941 running: MiniMax H3 sampling — step 17/20
01:58:55 job ccdc3941 running: MiniMax H3 sampling — step 18/20
01:59:15 job ccdc3941 running: MiniMax H3 sampling — step 19/20
01:59:35 job ccdc3941 running: MiniMax H3 sampling complete (20/20); decoding video and audio…
01:59:55 job ccdc3941 running: MiniMax H3 sampling complete (20/20); decoding video and audio…
02:00:15 job ccdc3941 completed: Done
02:00:15 done ccdc3941 minimax_h3_ccdc3941.mp4
02:00:15 job 60c4127f running: Loading MiniMax H3 and generating native video + stereo audio…
02:00:35 job 60c4127f running: Loading MiniMax H3 and generating native video + stereo audio…
02:00:55 job 60c4127f running: Loading MiniMax H3 and generating native video + stereo audio…
02:01:15 job 60c4127f running: Loading MiniMax H3 and generating native video + stereo audio…
02:01:35 job 60c4127f running: Loading MiniMax H3 and generating native video + stereo audio…
02:01:56 job 60c4127f running: Loading MiniMax H3 and generating native video + stereo audio…
02:02:16 job 60c4127f running: MiniMax H3 sampling — step 3/20
02:02:36 job 60c4127f running: MiniMax H3 sampling — step 6/20
02:02:56 job 60c4127f running: MiniMax H3 sampling — step 10/20
02:03:16 job 60c4127f running: MiniMax H3 sampling — step 14/20
02:03:36 job 60c4127f running: MiniMax H3 sampling — step 17/20
02:03:56 job 60c4127f running: MiniMax H3 sampling complete (20/20); decoding video and audio…
02:04:16 job 60c4127f running: MiniMax H3 sampling complete (20/20); decoding video and audio…
02:04:36 job 60c4127f completed: Done
02:04:36 done 60c4127f minimax_h3_60c4127f.mp4
02:04:36 concat overnight_rocky_pizza_multiclip.mp4
02:04:37 sequence done overnight_rocky_pizza_multiclip.mp4
02:04:37 sequence bttf_desayuno 4 shots
02:04:37 queued bttf_desayuno/delorean: 5c1c6cb2
02:04:41 queued bttf_desayuno/1955: 8184265d
02:04:41 queued bttf_desayuno/diner: 0593d99d
02:04:41 queued bttf_desayuno/casa: 713afac9
02:04:41 job 5c1c6cb2 running: Loading MiniMax H3 and generating native video + stereo audio…
02:05:01 job 5c1c6cb2 running: Loading MiniMax H3 and generating native video + stereo audio…
02:05:21 job 5c1c6cb2 running: Loading MiniMax H3 and generating native video + stereo audio…
02:05:41 job 5c1c6cb2 running: Loading MiniMax H3 and generating native video + stereo audio…
02:06:01 job 5c1c6cb2 running: Loading MiniMax H3 and generating native video + stereo audio…
02:06:21 job 5c1c6cb2 running: Loading MiniMax H3 and generating native video + stereo audio…
02:06:41 job 5c1c6cb2 running: MiniMax H3 sampling — step 1/20
02:07:01 job 5c1c6cb2 running: MiniMax H3 sampling — step 2/20
02:07:22 job 5c1c6cb2 running: MiniMax H3 sampling — step 3/20
02:07:42 job 5c1c6cb2 running: MiniMax H3 sampling — step 4/20
02:08:02 job 5c1c6cb2 running: MiniMax H3 sampling — step 5/20
02:08:22 job 5c1c6cb2 running: MiniMax H3 sampling — step 7/20
02:08:42 job 5c1c6cb2 running: MiniMax H3 sampling — step 8/20
02:09:02 job 5c1c6cb2 running: MiniMax H3 sampling — step 9/20
02:09:22 job 5c1c6cb2 running: MiniMax H3 sampling — step 10/20
02:09:42 job 5c1c6cb2 running: MiniMax H3 sampling — step 11/20
02:10:02 job 5c1c6cb2 running: MiniMax H3 sampling — step 12/20
02:10:22 job 5c1c6cb2 running: MiniMax H3 sampling — step 14/20
02:10:42 job 5c1c6cb2 running: MiniMax H3 sampling — step 15/20
02:11:02 job 5c1c6cb2 running: MiniMax H3 sampling — step 16/20
02:11:22 job 5c1c6cb2 running: MiniMax H3 sampling — step 17/20
02:11:42 job 5c1c6cb2 running: MiniMax H3 sampling — step 18/20
02:12:02 job 5c1c6cb2 running: MiniMax H3 sampling — step 19/20
02:12:22 job 5c1c6cb2 running: MiniMax H3 sampling complete (20/20); decoding video and audio…
02:12:42 job 5c1c6cb2 running: MiniMax H3 sampling complete (20/20); decoding video and audio…
02:13:02 job 5c1c6cb2 completed: Done
02:13:02 done 5c1c6cb2 minimax_h3_5c1c6cb2.mp4
02:13:02 job 8184265d running: Loading MiniMax H3 and generating native video + stereo audio…
02:13:22 job 8184265d running: Loading MiniMax H3 and generating native video + stereo audio…
02:13:42 job 8184265d running: Loading MiniMax H3 and generating native video + stereo audio…
02:14:02 job 8184265d running: Loading MiniMax H3 and generating native video + stereo audio…
02:14:22 job 8184265d running: Loading MiniMax H3 and generating native video + stereo audio…
02:14:42 job 8184265d running: Loading MiniMax H3 and generating native video + stereo audio…
02:15:02 job 8184265d running: MiniMax H3 sampling — step 3/20
02:15:22 job 8184265d running: MiniMax H3 sampling — step 7/20
02:15:42 job 8184265d running: MiniMax H3 sampling — step 11/20
02:16:02 job 8184265d running: MiniMax H3 sampling — step 14/20
02:16:22 job 8184265d running: MiniMax H3 sampling — step 18/20
02:16:42 job 8184265d running: MiniMax H3 sampling complete (20/20); decoding video and audio…
02:17:02 job 8184265d completed: Done
02:17:02 done 8184265d minimax_h3_8184265d.mp4
02:17:02 job 0593d99d queued: Queued
02:17:22 job 0593d99d running: Loading MiniMax H3 and generating native video + stereo audio…
02:17:42 job 0593d99d running: Loading MiniMax H3 and generating native video + stereo audio…
02:18:02 job 0593d99d running: Loading MiniMax H3 and generating native video + stereo audio…
02:18:22 job 0593d99d running: Loading MiniMax H3 and generating native video + stereo audio…
02:18:42 job 0593d99d running: Loading MiniMax H3 and generating native video + stereo audio…
02:19:02 job 0593d99d running: Loading MiniMax H3 and generating native video + stereo audio…
02:19:22 job 0593d99d running: MiniMax H3 sampling — step 2/20
02:19:42 job 0593d99d running: MiniMax H3 sampling — step 3/20
02:20:02 job 0593d99d running: MiniMax H3 sampling — step 4/20
02:20:22 job 0593d99d running: MiniMax H3 sampling — step 5/20
02:20:42 job 0593d99d running: MiniMax H3 sampling — step 6/20
02:21:02 job 0593d99d running: MiniMax H3 sampling — step 8/20
02:21:22 job 0593d99d running: MiniMax H3 sampling — step 9/20
02:21:42 job 0593d99d running: MiniMax H3 sampling — step 10/20
02:22:02 job 0593d99d running: MiniMax H3 sampling — step 11/20
02:22:22 job 0593d99d running: MiniMax H3 sampling — step 12/20
02:22:43 job 0593d99d running: MiniMax H3 sampling — step 13/20
02:23:03 job 0593d99d running: MiniMax H3 sampling — step 14/20
02:23:23 job 0593d99d running: MiniMax H3 sampling — step 16/20
02:23:43 job 0593d99d running: MiniMax H3 sampling — step 17/20
02:24:03 job 0593d99d running: MiniMax H3 sampling — step 18/20
02:24:23 job 0593d99d running: MiniMax H3 sampling — step 19/20
02:24:43 job 0593d99d running: MiniMax H3 sampling complete (20/20); decoding video and audio…
02:25:03 job 0593d99d running: MiniMax H3 sampling complete (20/20); decoding video and audio…
02:25:23 job 0593d99d completed: Done
02:25:23 done 0593d99d minimax_h3_0593d99d.mp4
02:25:23 job 713afac9 running: Loading MiniMax H3 and generating native video + stereo audio…
02:25:43 job 713afac9 running: Loading MiniMax H3 and generating native video + stereo audio…
02:26:03 job 713afac9 running: Loading MiniMax H3 and generating native video + stereo audio…
02:26:23 job 713afac9 running: Loading MiniMax H3 and generating native video + stereo audio…
02:26:43 job 713afac9 running: Loading MiniMax H3 and generating native video + stereo audio…
02:27:03 job 713afac9 running: Loading MiniMax H3 and generating native video + stereo audio…
02:27:23 job 713afac9 running: MiniMax H3 sampling — step 3/20
02:27:43 job 713afac9 running: MiniMax H3 sampling — step 7/20
02:28:03 job 713afac9 running: MiniMax H3 sampling — step 10/20
02:28:23 job 713afac9 running: MiniMax H3 sampling — step 14/20
02:28:43 job 713afac9 running: MiniMax H3 sampling — step 17/20
02:29:03 job 713afac9 running: MiniMax H3 sampling complete (20/20); decoding video and audio…
02:29:23 job 713afac9 running: MiniMax H3 sampling complete (20/20); decoding video and audio…
02:29:43 job 713afac9 completed: Done
02:29:43 done 713afac9 minimax_h3_713afac9.mp4
02:29:43 concat overnight_bttf_desayuno_multiclip.mp4
02:29:44 sequence done overnight_bttf_desayuno_multiclip.mp4
02:29:44 sequence ghostbusters_nube 4 shots
02:29:44 queued ghostbusters_nube/manhattan: 0c4bb35a
02:29:48 queued ghostbusters_nube/cruza: a53624b0
02:29:48 queued ghostbusters_nube/hoguera: dce5a409
02:29:48 queued ghostbusters_nube/tienda: 03e1a0be
02:29:49 job 0c4bb35a running: Loading MiniMax H3 and generating native video + stereo audio…
02:30:09 job 0c4bb35a running: Loading MiniMax H3 and generating native video + stereo audio…
02:30:29 job 0c4bb35a running: Loading MiniMax H3 and generating native video + stereo audio…
02:30:49 job 0c4bb35a running: Loading MiniMax H3 and generating native video + stereo audio…
02:31:09 job 0c4bb35a running: Loading MiniMax H3 and generating native video + stereo audio…
02:31:29 job 0c4bb35a running: Loading MiniMax H3 and generating native video + stereo audio…
02:31:49 job 0c4bb35a running: MiniMax H3 sampling — step 1/20
02:32:09 job 0c4bb35a running: MiniMax H3 sampling — step 2/20
02:32:29 job 0c4bb35a running: MiniMax H3 sampling — step 3/20
02:32:49 job 0c4bb35a running: MiniMax H3 sampling — step 4/20
02:33:09 job 0c4bb35a running: MiniMax H3 sampling — step 5/20
02:33:29 job 0c4bb35a running: MiniMax H3 sampling — step 7/20
02:33:49 job 0c4bb35a running: MiniMax H3 sampling — step 8/20
02:34:09 job 0c4bb35a running: MiniMax H3 sampling — step 9/20
02:34:29 job 0c4bb35a running: MiniMax H3 sampling — step 10/20
02:34:49 job 0c4bb35a running: MiniMax H3 sampling — step 11/20
02:35:09 job 0c4bb35a running: MiniMax H3 sampling — step 12/20
02:35:29 job 0c4bb35a running: MiniMax H3 sampling — step 14/20
02:35:49 job 0c4bb35a running: MiniMax H3 sampling — step 15/20
02:36:09 job 0c4bb35a running: MiniMax H3 sampling — step 16/20
02:36:29 job 0c4bb35a running: MiniMax H3 sampling — step 17/20
02:36:49 job 0c4bb35a running: MiniMax H3 sampling — step 18/20
02:37:09 job 0c4bb35a running: MiniMax H3 sampling — step 19/20
02:37:29 job 0c4bb35a running: MiniMax H3 sampling complete (20/20); decoding video and audio…
02:37:49 job 0c4bb35a running: MiniMax H3 sampling complete (20/20); decoding video and audio…
02:38:09 job 0c4bb35a completed: Done
02:38:09 done 0c4bb35a minimax_h3_0c4bb35a.mp4
02:38:09 job a53624b0 running: Loading MiniMax H3 and generating native video + stereo audio…
02:38:29 job a53624b0 running: Loading MiniMax H3 and generating native video + stereo audio…
02:38:49 job a53624b0 running: Loading MiniMax H3 and generating native video + stereo audio…
02:39:09 job a53624b0 running: Loading MiniMax H3 and generating native video + stereo audio…
02:39:29 job a53624b0 running: Loading MiniMax H3 and generating native video + stereo audio…
02:39:49 job a53624b0 running: Loading MiniMax H3 and generating native video + stereo audio…
02:40:09 job a53624b0 running: MiniMax H3 sampling — step 3/20
02:40:29 job a53624b0 running: MiniMax H3 sampling — step 7/20
02:40:49 job a53624b0 running: MiniMax H3 sampling — step 11/20
02:41:09 job a53624b0 running: MiniMax H3 sampling — step 14/20
02:41:30 job a53624b0 running: MiniMax H3 sampling — step 18/20
02:41:50 job a53624b0 running: MiniMax H3 sampling complete (20/20); decoding video and audio…
02:42:10 job a53624b0 completed: Done
02:42:10 done a53624b0 minimax_h3_a53624b0.mp4
02:42:10 job dce5a409 queued: Queued
02:42:30 job dce5a409 running: Loading MiniMax H3 and generating native video + stereo audio…
02:42:50 job dce5a409 running: Loading MiniMax H3 and generating native video + stereo audio…
02:43:10 job dce5a409 running: Loading MiniMax H3 and generating native video + stereo audio…
02:43:30 job dce5a409 running: Loading MiniMax H3 and generating native video + stereo audio…
02:43:50 job dce5a409 running: Loading MiniMax H3 and generating native video + stereo audio…
02:44:10 job dce5a409 running: Loading MiniMax H3 and generating native video + stereo audio…
02:44:30 job dce5a409 running: MiniMax H3 sampling — step 2/20
02:44:50 job dce5a409 running: MiniMax H3 sampling — step 3/20
02:45:10 job dce5a409 running: MiniMax H3 sampling — step 4/20
02:45:30 job dce5a409 running: MiniMax H3 sampling — step 5/20
02:45:50 job dce5a409 running: MiniMax H3 sampling — step 6/20
02:46:10 job dce5a409 running: MiniMax H3 sampling — step 8/20
02:46:30 job dce5a409 running: MiniMax H3 sampling — step 9/20
02:46:50 job dce5a409 running: MiniMax H3 sampling — step 10/20
02:47:10 job dce5a409 running: MiniMax H3 sampling — step 11/20
02:47:30 job dce5a409 running: MiniMax H3 sampling — step 12/20
02:47:50 job dce5a409 running: MiniMax H3 sampling — step 13/20
02:48:10 job dce5a409 running: MiniMax H3 sampling — step 15/20
02:48:30 job dce5a409 running: MiniMax H3 sampling — step 16/20
02:48:50 job dce5a409 running: MiniMax H3 sampling — step 17/20
02:49:10 job dce5a409 running: MiniMax H3 sampling — step 18/20
02:49:30 job dce5a409 running: MiniMax H3 sampling — step 19/20
02:49:50 job dce5a409 running: MiniMax H3 sampling complete (20/20); decoding video and audio…
02:50:10 job dce5a409 running: MiniMax H3 sampling complete (20/20); decoding video and audio…
02:50:30 job dce5a409 completed: Done
02:50:30 done dce5a409 minimax_h3_dce5a409.mp4
02:50:30 job 03e1a0be running: Loading MiniMax H3 and generating native video + stereo audio…
02:50:50 job 03e1a0be running: Loading MiniMax H3 and generating native video + stereo audio…
02:51:10 job 03e1a0be running: Loading MiniMax H3 and generating native video + stereo audio…
02:51:30 job 03e1a0be running: Loading MiniMax H3 and generating native video + stereo audio…
02:51:50 job 03e1a0be running: Loading MiniMax H3 and generating native video + stereo audio…
02:52:10 job 03e1a0be running: Loading MiniMax H3 and generating native video + stereo audio…
02:52:30 job 03e1a0be running: MiniMax H3 sampling — step 3/20
02:52:50 job 03e1a0be running: MiniMax H3 sampling — step 7/20
02:53:10 job 03e1a0be running: MiniMax H3 sampling — step 10/20
02:53:30 job 03e1a0be running: MiniMax H3 sampling — step 14/20
02:53:50 job 03e1a0be running: MiniMax H3 sampling — step 17/20
02:54:10 job 03e1a0be running: MiniMax H3 sampling complete (20/20); decoding video and audio…
02:54:30 job 03e1a0be running: MiniMax H3 sampling complete (20/20); decoding video and audio…
02:54:50 job 03e1a0be completed: Done
02:54:50 done 03e1a0be minimax_h3_03e1a0be.mp4
02:54:50 concat overnight_ghostbusters_nube_multiclip.mp4
02:54:52 sequence done overnight_ghostbusters_nube_multiclip.mp4
02:54:52 sequence diehard_tarta 4 shots
02:54:52 queued diehard_tarta/nakatomi: d3166bc6
02:54:55 queued diehard_tarta/frase: 9e2ec383
02:54:56 queued diehard_tarta/fiesta: 2b37627b
02:54:56 queued diehard_tarta/tejado: 52a935b5
02:54:56 job d3166bc6 running: Loading MiniMax H3 and generating native video + stereo audio…
02:55:16 job d3166bc6 running: Loading MiniMax H3 and generating native video + stereo audio…
02:55:36 job d3166bc6 running: Loading MiniMax H3 and generating native video + stereo audio…
02:55:56 job d3166bc6 running: Loading MiniMax H3 and generating native video + stereo audio…
02:56:16 job d3166bc6 running: Loading MiniMax H3 and generating native video + stereo audio…
02:56:36 job d3166bc6 running: Loading MiniMax H3 and generating native video + stereo audio…
02:56:56 job d3166bc6 running: MiniMax H3 sampling — step 1/20
02:57:16 job d3166bc6 running: MiniMax H3 sampling — step 2/20
02:57:36 job d3166bc6 running: MiniMax H3 sampling — step 3/20
02:57:56 job d3166bc6 running: MiniMax H3 sampling — step 4/20
02:58:16 job d3166bc6 running: MiniMax H3 sampling — step 5/20
02:58:36 job d3166bc6 running: MiniMax H3 sampling — step 7/20
02:58:56 job d3166bc6 running: MiniMax H3 sampling — step 8/20
02:59:16 job d3166bc6 running: MiniMax H3 sampling — step 9/20
02:59:36 job d3166bc6 running: MiniMax H3 sampling — step 10/20
02:59:57 job d3166bc6 running: MiniMax H3 sampling — step 11/20
03:00:17 job d3166bc6 running: MiniMax H3 sampling — step 12/20
03:00:37 job d3166bc6 running: MiniMax H3 sampling — step 14/20
03:00:57 job d3166bc6 running: MiniMax H3 sampling — step 15/20
03:01:17 job d3166bc6 running: MiniMax H3 sampling — step 16/20
03:01:37 job d3166bc6 running: MiniMax H3 sampling — step 17/20
03:01:57 job d3166bc6 running: MiniMax H3 sampling — step 18/20
03:02:17 job d3166bc6 running: MiniMax H3 sampling — step 19/20
03:02:37 job d3166bc6 running: MiniMax H3 sampling complete (20/20); decoding video and audio…
03:02:57 job d3166bc6 running: MiniMax H3 sampling complete (20/20); decoding video and audio…
03:03:17 job d3166bc6 completed: Done
03:03:17 done d3166bc6 minimax_h3_d3166bc6.mp4
03:03:17 job 9e2ec383 running: Loading MiniMax H3 and generating native video + stereo audio…
03:03:37 job 9e2ec383 running: Loading MiniMax H3 and generating native video + stereo audio…
03:03:57 job 9e2ec383 running: Loading MiniMax H3 and generating native video + stereo audio…
03:04:17 job 9e2ec383 running: Loading MiniMax H3 and generating native video + stereo audio…
03:04:37 job 9e2ec383 running: Loading MiniMax H3 and generating native video + stereo audio…
03:04:57 job 9e2ec383 running: Loading MiniMax H3 and generating native video + stereo audio…
03:05:17 job 9e2ec383 running: MiniMax H3 sampling — step 4/20
03:05:37 job 9e2ec383 running: MiniMax H3 sampling — step 7/20
03:05:57 job 9e2ec383 running: MiniMax H3 sampling — step 11/20
03:06:17 job 9e2ec383 running: MiniMax H3 sampling — step 14/20
03:06:37 job 9e2ec383 running: MiniMax H3 sampling — step 18/20
03:06:57 job 9e2ec383 running: MiniMax H3 sampling complete (20/20); decoding video and audio…
03:07:17 job 9e2ec383 completed: Done
03:07:17 done 9e2ec383 minimax_h3_9e2ec383.mp4
03:07:17 job 2b37627b running: Starting the isolated MiniMax H3 runtime…
03:07:37 job 2b37627b running: Loading MiniMax H3 and generating native video + stereo audio…
03:07:57 job 2b37627b running: Loading MiniMax H3 and generating native video + stereo audio…
03:08:17 job 2b37627b running: Loading MiniMax H3 and generating native video + stereo audio…
03:08:37 job 2b37627b running: Loading MiniMax H3 and generating native video + stereo audio…
03:08:57 job 2b37627b running: Loading MiniMax H3 and generating native video + stereo audio…
03:09:17 job 2b37627b running: MiniMax H3 sampling — step 1/20
03:09:37 job 2b37627b running: MiniMax H3 sampling — step 2/20
03:09:57 job 2b37627b running: MiniMax H3 sampling — step 3/20
03:10:17 job 2b37627b running: MiniMax H3 sampling — step 4/20
03:10:37 job 2b37627b running: MiniMax H3 sampling — step 5/20
03:10:57 job 2b37627b running: MiniMax H3 sampling — step 7/20
03:11:17 job 2b37627b running: MiniMax H3 sampling — step 8/20
03:11:37 job 2b37627b running: MiniMax H3 sampling — step 9/20
03:11:57 job 2b37627b running: MiniMax H3 sampling — step 10/20
03:12:17 job 2b37627b running: MiniMax H3 sampling — step 11/20
03:12:37 job 2b37627b running: MiniMax H3 sampling — step 12/20
03:12:57 job 2b37627b running: MiniMax H3 sampling — step 13/20
03:13:17 job 2b37627b running: MiniMax H3 sampling — step 15/20
03:13:37 job 2b37627b running: MiniMax H3 sampling — step 16/20
03:13:57 job 2b37627b running: MiniMax H3 sampling — step 17/20
03:14:17 job 2b37627b running: MiniMax H3 sampling — step 18/20
03:14:37 job 2b37627b running: MiniMax H3 sampling — step 19/20
03:14:57 job 2b37627b running: MiniMax H3 sampling complete (20/20); decoding video and audio…
03:15:17 job 2b37627b running: MiniMax H3 sampling complete (20/20); decoding video and audio…
03:15:37 job 2b37627b completed: Done
03:15:37 done 2b37627b minimax_h3_2b37627b.mp4
03:15:37 job 52a935b5 running: Loading MiniMax H3 and generating native video + stereo audio…
03:15:58 job 52a935b5 running: Loading MiniMax H3 and generating native video + stereo audio…
03:16:18 job 52a935b5 running: Loading MiniMax H3 and generating native video + stereo audio…
03:16:38 job 52a935b5 running: Loading MiniMax H3 and generating native video + stereo audio…
03:16:58 job 52a935b5 running: Loading MiniMax H3 and generating native video + stereo audio…
03:17:18 job 52a935b5 running: Loading MiniMax H3 and generating native video + stereo audio…
03:17:38 job 52a935b5 running: MiniMax H3 sampling — step 3/20
03:17:58 job 52a935b5 running: MiniMax H3 sampling — step 7/20
03:18:18 job 52a935b5 running: MiniMax H3 sampling — step 10/20
03:18:38 job 52a935b5 running: MiniMax H3 sampling — step 14/20
03:18:58 job 52a935b5 running: MiniMax H3 sampling — step 17/20
03:19:18 job 52a935b5 running: MiniMax H3 sampling complete (20/20); decoding video and audio…
03:19:38 job 52a935b5 completed: Done
03:19:38 done 52a935b5 minimax_h3_52a935b5.mp4
03:19:38 concat overnight_diehard_tarta_multiclip.mp4
03:19:39 sequence done overnight_diehard_tarta_multiclip.mp4
03:19:39 sequence vader_gofres 4 shots
03:19:39 queued vader_gofres/pasarela: 1ff3f15f
03:19:42 queued vader_gofres/padre: e36ff33b
03:19:43 queued vader_gofres/gofres: 60dda0c7
03:19:43 queued vader_gofres/familia: 39ac8313
03:19:43 job 1ff3f15f queued: Queued
03:20:03 job 1ff3f15f queued: Queued
03:20:23 job 1ff3f15f queued: Queued
03:20:43 job 1ff3f15f queued: Queued
03:21:03 job 1ff3f15f queued: Queued
03:21:23 job 1ff3f15f queued: Queued
03:21:43 job 1ff3f15f queued: Queued
03:22:03 job 1ff3f15f queued: Queued
03:22:23 job 1ff3f15f queued: Queued
03:22:43 job 1ff3f15f queued: Queued
03:23:03 job 1ff3f15f queued: Queued
03:23:23 job 1ff3f15f queued: Queued
03:23:43 job 1ff3f15f queued: Queued
03:24:03 job 1ff3f15f queued: Queued
03:24:23 job 1ff3f15f queued: Queued
03:24:43 job 1ff3f15f queued: Queued
03:25:03 job 1ff3f15f queued: Queued
03:25:23 job 1ff3f15f queued: Queued
03:25:43 job 1ff3f15f queued: Queued
03:26:03 job 1ff3f15f queued: Queued
03:26:24 job 1ff3f15f queued: Queued
03:26:44 job 1ff3f15f queued: Queued
03:27:04 job 1ff3f15f queued: Queued
03:27:24 job 1ff3f15f queued: Queued
03:27:44 job 1ff3f15f queued: Queued
03:28:04 job 1ff3f15f queued: Queued
03:28:24 job 1ff3f15f queued: Queued
03:28:44 job 1ff3f15f queued: Queued
03:29:04 job 1ff3f15f queued: Queued
03:29:24 job 1ff3f15f queued: Queued
03:29:44 job 1ff3f15f queued: Queued
03:30:04 job 1ff3f15f queued: Queued
03:30:24 job 1ff3f15f queued: Queued
03:30:44 job 1ff3f15f queued: Queued
03:31:04 job 1ff3f15f queued: Queued
03:31:24 job 1ff3f15f queued: Queued
03:31:44 job 1ff3f15f queued: Queued
03:32:04 job 1ff3f15f queued: Queued
03:32:24 job 1ff3f15f queued: Queued
03:32:44 job 1ff3f15f queued: Queued
03:33:04 job 1ff3f15f queued: Queued
03:33:24 job 1ff3f15f queued: Queued
03:33:44 job 1ff3f15f queued: Queued
03:34:04 job 1ff3f15f queued: Queued
03:34:24 job 1ff3f15f queued: Queued
03:34:44 job 1ff3f15f queued: Queued
03:35:04 job 1ff3f15f queued: Queued
03:35:24 job 1ff3f15f queued: Queued
03:35:44 job 1ff3f15f queued: Queued
03:36:04 job 1ff3f15f queued: Queued
03:36:24 job 1ff3f15f queued: Queued
03:36:44 job 1ff3f15f queued: Queued
03:37:04 job 1ff3f15f queued: Queued
03:37:24 job 1ff3f15f queued: Queued
03:37:44 job 1ff3f15f queued: Queued
03:38:04 job 1ff3f15f queued: Queued
03:38:24 job 1ff3f15f queued: Queued
03:38:44 job 1ff3f15f queued: Queued
03:39:04 job 1ff3f15f queued: Queued
03:39:24 job 1ff3f15f queued: Queued
03:39:44 job 1ff3f15f queued: Queued
03:40:04 job 1ff3f15f queued: Queued
03:40:25 job 1ff3f15f queued: Queued
03:40:45 job 1ff3f15f queued: Queued
03:41:05 job 1ff3f15f queued: Queued
03:41:25 job 1ff3f15f queued: Queued
03:41:45 job 1ff3f15f queued: Queued
03:42:05 job 1ff3f15f queued: Queued
03:42:25 job 1ff3f15f queued: Queued
03:42:45 job 1ff3f15f queued: Queued
03:43:05 job 1ff3f15f queued: Queued
03:43:25 job 1ff3f15f queued: Queued
03:43:45 job 1ff3f15f queued: Queued
03:44:05 job 1ff3f15f queued: Queued
03:44:25 job 1ff3f15f queued: Queued
03:44:45 job 1ff3f15f queued: Queued
03:45:05 job 1ff3f15f queued: Queued
03:45:25 job 1ff3f15f queued: Queued
03:45:45 job 1ff3f15f queued: Queued
03:46:05 job 1ff3f15f queued: Queued
03:46:25 job 1ff3f15f queued: Queued
03:46:45 job 1ff3f15f queued: Queued
03:47:05 job 1ff3f15f queued: Queued
03:47:25 job 1ff3f15f queued: Queued
03:47:45 job 1ff3f15f queued: Queued
03:48:05 job 1ff3f15f queued: Queued
03:48:25 job 1ff3f15f queued: Queued
03:48:45 job 1ff3f15f queued: Queued
03:49:05 job 1ff3f15f queued: Queued
03:49:25 job 1ff3f15f queued: Queued
03:49:45 job 1ff3f15f queued: Queued
03:50:05 job 1ff3f15f queued: Queued
03:50:25 job 1ff3f15f queued: Queued
03:50:45 job 1ff3f15f queued: Queued
03:51:05 job 1ff3f15f queued: Queued
03:51:25 job 1ff3f15f queued: Queued
03:51:45 job 1ff3f15f queued: Queued
03:52:05 job 1ff3f15f queued: Queued
03:52:25 job 1ff3f15f queued: Queued
03:52:45 job 1ff3f15f queued: Queued
03:53:05 job 1ff3f15f queued: Queued
03:53:25 job 1ff3f15f queued: Queued
03:53:45 job 1ff3f15f queued: Queued
03:54:05 job 1ff3f15f queued: Queued
03:54:25 job 1ff3f15f queued: Queued
03:54:45 job 1ff3f15f queued: Queued
03:55:05 job 1ff3f15f running: Starting the isolated MiniMax H3 runtime…
03:55:25 job 1ff3f15f running: Loading MiniMax H3 and generating native video + stereo audio…
03:55:45 job 1ff3f15f running: Loading MiniMax H3 and generating native video + stereo audio…
03:56:05 job 1ff3f15f running: Loading MiniMax H3 and generating native video + stereo audio…
03:56:25 job 1ff3f15f running: Loading MiniMax H3 and generating native video + stereo audio…
03:56:46 job 1ff3f15f running: Loading MiniMax H3 and generating native video + stereo audio…
03:57:06 job 1ff3f15f running: MiniMax H3 sampling — step 1/20
03:57:26 job 1ff3f15f running: MiniMax H3 sampling — step 2/20
03:57:46 job 1ff3f15f running: MiniMax H3 sampling — step 3/20
03:58:06 job 1ff3f15f running: MiniMax H3 sampling — step 4/20
03:58:26 job 1ff3f15f running: MiniMax H3 sampling — step 6/20
03:58:46 job 1ff3f15f running: MiniMax H3 sampling — step 7/20
03:59:06 job 1ff3f15f running: MiniMax H3 sampling — step 8/20
03:59:26 job 1ff3f15f running: MiniMax H3 sampling — step 9/20
03:59:46 job 1ff3f15f running: MiniMax H3 sampling — step 10/20
04:00:06 job 1ff3f15f running: MiniMax H3 sampling — step 11/20
04:00:26 job 1ff3f15f running: MiniMax H3 sampling — step 12/20
04:00:46 job 1ff3f15f running: MiniMax H3 sampling — step 13/20
04:01:06 job 1ff3f15f running: MiniMax H3 sampling — step 15/20
04:01:26 job 1ff3f15f running: MiniMax H3 sampling — step 16/20
04:01:46 job 1ff3f15f running: MiniMax H3 sampling — step 17/20
04:02:06 job 1ff3f15f running: MiniMax H3 sampling — step 18/20
04:02:26 job 1ff3f15f running: MiniMax H3 sampling — step 19/20
04:02:46 job 1ff3f15f running: MiniMax H3 sampling complete (20/20); decoding video and audio…
04:03:06 job 1ff3f15f running: MiniMax H3 sampling complete (20/20); decoding video and audio…
04:03:26 job 1ff3f15f completed: Done
04:03:26 done 1ff3f15f minimax_h3_1ff3f15f.mp4
04:03:26 job e36ff33b running: Loading MiniMax H3 and generating native video + stereo audio…
04:03:46 job e36ff33b running: Loading MiniMax H3 and generating native video + stereo audio…
04:04:06 job e36ff33b running: Loading MiniMax H3 and generating native video + stereo audio…
04:04:26 job e36ff33b running: Loading MiniMax H3 and generating native video + stereo audio…
04:04:46 job e36ff33b running: Loading MiniMax H3 and generating native video + stereo audio…
04:05:06 job e36ff33b running: Loading MiniMax H3 and generating native video + stereo audio…
04:05:26 job e36ff33b running: Loading MiniMax H3 and generating native video + stereo audio…
04:05:46 job e36ff33b running: Loading MiniMax H3 and generating native video + stereo audio…
04:06:06 job e36ff33b running: MiniMax H3 sampling — step 2/20
04:06:26 job e36ff33b running: MiniMax H3 sampling — step 5/20
04:06:46 job e36ff33b running: MiniMax H3 sampling — step 9/20
04:07:06 job e36ff33b running: MiniMax H3 sampling — step 12/20
04:07:26 job e36ff33b running: MiniMax H3 sampling — step 16/20
04:07:46 job e36ff33b running: MiniMax H3 sampling — step 19/20
04:08:06 job e36ff33b running: MiniMax H3 sampling complete (20/20); decoding video and audio…
04:08:26 job e36ff33b completed: Done
04:08:26 done e36ff33b minimax_h3_e36ff33b.mp4
04:08:26 job 60dda0c7 running: Loading MiniMax H3 and generating native video + stereo audio…
04:08:46 job 60dda0c7 running: Loading MiniMax H3 and generating native video + stereo audio…
04:09:06 job 60dda0c7 running: Loading MiniMax H3 and generating native video + stereo audio…
04:09:26 job 60dda0c7 running: Loading MiniMax H3 and generating native video + stereo audio…
04:09:46 job 60dda0c7 running: Loading MiniMax H3 and generating native video + stereo audio…
04:10:06 job 60dda0c7 running: Loading MiniMax H3 and generating native video + stereo audio…
04:10:26 job 60dda0c7 running: MiniMax H3 sampling — step 1/20
04:10:46 job 60dda0c7 running: MiniMax H3 sampling — step 3/20
04:11:06 job 60dda0c7 running: MiniMax H3 sampling — step 4/20
04:11:26 job 60dda0c7 running: MiniMax H3 sampling — step 5/20
04:11:46 job 60dda0c7 running: MiniMax H3 sampling — step 6/20
04:12:07 job 60dda0c7 running: MiniMax H3 sampling — step 7/20
04:12:27 job 60dda0c7 running: MiniMax H3 sampling — step 8/20
04:12:47 job 60dda0c7 running: MiniMax H3 sampling — step 9/20
04:13:07 job 60dda0c7 running: MiniMax H3 sampling — step 11/20
04:13:27 job 60dda0c7 running: MiniMax H3 sampling — step 12/20
04:13:47 job 60dda0c7 running: MiniMax H3 sampling — step 13/20
04:14:07 job 60dda0c7 running: MiniMax H3 sampling — step 14/20
04:14:27 job 60dda0c7 running: MiniMax H3 sampling — step 15/20
04:14:47 job 60dda0c7 running: MiniMax H3 sampling — step 16/20
04:15:07 job 60dda0c7 running: MiniMax H3 sampling — step 17/20
04:15:27 job 60dda0c7 running: MiniMax H3 sampling — step 19/20
04:15:47 job 60dda0c7 running: MiniMax H3 sampling complete (20/20); decoding video and audio…
04:16:07 job 60dda0c7 running: MiniMax H3 sampling complete (20/20); decoding video and audio…
04:16:27 job 60dda0c7 completed: Done
04:16:27 done 60dda0c7 minimax_h3_60dda0c7.mp4
04:16:27 job 39ac8313 queued: Queued
04:16:47 job 39ac8313 running: Loading MiniMax H3 and generating native video + stereo audio…
04:17:07 job 39ac8313 running: Loading MiniMax H3 and generating native video + stereo audio…
04:17:27 job 39ac8313 running: Loading MiniMax H3 and generating native video + stereo audio…
04:17:47 job 39ac8313 running: Loading MiniMax H3 and generating native video + stereo audio…
04:18:07 job 39ac8313 running: Loading MiniMax H3 and generating native video + stereo audio…
04:18:27 job 39ac8313 running: MiniMax H3 sampling — step 1/20
04:18:47 job 39ac8313 running: MiniMax H3 sampling — step 5/20
04:19:07 job 39ac8313 running: MiniMax H3 sampling — step 8/20
04:19:27 job 39ac8313 running: MiniMax H3 sampling — step 12/20
04:19:47 job 39ac8313 running: MiniMax H3 sampling — step 15/20
04:20:07 job 39ac8313 running: MiniMax H3 sampling — step 19/20
04:20:27 job 39ac8313 running: MiniMax H3 sampling complete (20/20); decoding video and audio…
04:20:47 job 39ac8313 completed: Done
04:20:47 done 39ac8313 minimax_h3_39ac8313.mp4
04:20:47 concat overnight_vader_gofres_multiclip.mp4
04:20:49 sequence done overnight_vader_gofres_multiclip.mp4
04:20:49 sequence forrest_bombones 4 shots
04:20:49 queued forrest_bombones/banco: b53d4999
04:20:53 queued forrest_bombones/abre: 27a4a4c5
04:20:53 queued forrest_bombones/parque: fdef5de7
04:20:53 queued forrest_bombones/casa: 38a1c843
04:20:54 job b53d4999 running: Loading MiniMax H3 and generating native video + stereo audio…
04:21:14 job b53d4999 running: Loading MiniMax H3 and generating native video + stereo audio…
04:21:34 job b53d4999 running: Loading MiniMax H3 and generating native video + stereo audio…
04:21:54 job b53d4999 running: Loading MiniMax H3 and generating native video + stereo audio…
04:22:14 job b53d4999 running: Loading MiniMax H3 and generating native video + stereo audio…
04:22:34 job b53d4999 running: Loading MiniMax H3 and generating native video + stereo audio…
04:22:54 job b53d4999 running: MiniMax H3 sampling — step 3/20
04:23:14 job b53d4999 running: MiniMax H3 sampling — step 6/20
04:23:34 job b53d4999 running: MiniMax H3 sampling — step 10/20
04:23:54 job b53d4999 running: MiniMax H3 sampling — step 13/20
04:24:14 job b53d4999 running: MiniMax H3 sampling — step 17/20
04:24:34 job b53d4999 running: MiniMax H3 sampling complete (20/20); decoding video and audio…
04:24:54 job b53d4999 running: MiniMax H3 sampling complete (20/20); decoding video and audio…
04:25:14 job b53d4999 completed: Done
04:25:14 done b53d4999 minimax_h3_b53d4999.mp4
04:25:14 job 27a4a4c5 running: Loading MiniMax H3 and generating native video + stereo audio…
04:25:34 job 27a4a4c5 running: Loading MiniMax H3 and generating native video + stereo audio…
04:25:54 job 27a4a4c5 running: Loading MiniMax H3 and generating native video + stereo audio…
04:26:14 job 27a4a4c5 running: Loading MiniMax H3 and generating native video + stereo audio…
04:26:34 job 27a4a4c5 running: Loading MiniMax H3 and generating native video + stereo audio…
04:26:54 job 27a4a4c5 running: Loading MiniMax H3 and generating native video + stereo audio…
04:27:14 job 27a4a4c5 running: MiniMax H3 sampling — step 2/20
04:27:34 job 27a4a4c5 running: MiniMax H3 sampling — step 4/20
04:27:54 job 27a4a4c5 running: MiniMax H3 sampling — step 6/20
04:28:14 job 27a4a4c5 running: MiniMax H3 sampling — step 7/20
04:28:34 job 27a4a4c5 running: MiniMax H3 sampling — step 9/20
04:28:54 job 27a4a4c5 running: MiniMax H3 sampling — step 11/20
04:29:14 job 27a4a4c5 running: MiniMax H3 sampling — step 13/20
04:29:34 job 27a4a4c5 running: MiniMax H3 sampling — step 14/20
04:29:54 job 27a4a4c5 running: MiniMax H3 sampling — step 16/20
04:30:14 job 27a4a4c5 running: MiniMax H3 sampling — step 18/20
04:30:34 job 27a4a4c5 running: MiniMax H3 sampling complete (20/20); decoding video and audio…
04:30:54 job 27a4a4c5 running: MiniMax H3 sampling complete (20/20); decoding video and audio…
04:31:14 job 27a4a4c5 completed: Done
04:31:14 done 27a4a4c5 minimax_h3_27a4a4c5.mp4
04:31:14 job fdef5de7 running: Starting the isolated MiniMax H3 runtime…
04:31:34 job fdef5de7 running: Loading MiniMax H3 and generating native video + stereo audio…
04:31:54 job fdef5de7 running: Loading MiniMax H3 and generating native video + stereo audio…
04:32:14 job fdef5de7 running: Loading MiniMax H3 and generating native video + stereo audio…
04:32:34 job fdef5de7 running: Loading MiniMax H3 and generating native video + stereo audio…
04:32:54 job fdef5de7 running: Loading MiniMax H3 and generating native video + stereo audio…
04:33:14 job fdef5de7 running: MiniMax H3 sampling — step 1/20
04:33:34 job fdef5de7 running: MiniMax H3 sampling — step 2/20
04:33:55 job fdef5de7 running: MiniMax H3 sampling — step 3/20
04:34:15 job fdef5de7 running: MiniMax H3 sampling — step 4/20
04:34:35 job fdef5de7 running: MiniMax H3 sampling — step 6/20
04:34:55 job fdef5de7 running: MiniMax H3 sampling — step 7/20
04:35:15 job fdef5de7 running: MiniMax H3 sampling — step 8/20
04:35:35 job fdef5de7 running: MiniMax H3 sampling — step 9/20
04:35:55 job fdef5de7 running: MiniMax H3 sampling — step 10/20
04:36:15 job fdef5de7 running: MiniMax H3 sampling — step 11/20
04:36:35 job fdef5de7 running: MiniMax H3 sampling — step 12/20
04:36:55 job fdef5de7 running: MiniMax H3 sampling — step 14/20
04:37:15 job fdef5de7 running: MiniMax H3 sampling — step 15/20
04:37:35 job fdef5de7 running: MiniMax H3 sampling — step 16/20
04:37:55 job fdef5de7 running: MiniMax H3 sampling — step 17/20
04:38:15 job fdef5de7 running: MiniMax H3 sampling — step 18/20
04:38:35 job fdef5de7 running: MiniMax H3 sampling — step 19/20
04:38:55 job fdef5de7 running: MiniMax H3 sampling complete (20/20); decoding video and audio…
04:39:15 job fdef5de7 running: MiniMax H3 sampling complete (20/20); decoding video and audio…
04:39:35 job fdef5de7 completed: Done
04:39:35 done fdef5de7 minimax_h3_fdef5de7.mp4
04:39:35 job 38a1c843 running: Loading MiniMax H3 and generating native video + stereo audio…
04:39:55 job 38a1c843 running: Loading MiniMax H3 and generating native video + stereo audio…
04:40:15 job 38a1c843 running: Loading MiniMax H3 and generating native video + stereo audio…
04:40:35 job 38a1c843 running: Loading MiniMax H3 and generating native video + stereo audio…
04:40:55 job 38a1c843 running: Loading MiniMax H3 and generating native video + stereo audio…
04:41:15 job 38a1c843 running: Loading MiniMax H3 and generating native video + stereo audio…
04:41:35 job 38a1c843 running: MiniMax H3 sampling — step 3/20
04:41:55 job 38a1c843 running: MiniMax H3 sampling — step 6/20
04:42:15 job 38a1c843 running: MiniMax H3 sampling — step 10/20
04:42:35 job 38a1c843 running: MiniMax H3 sampling — step 13/20
04:42:55 job 38a1c843 running: MiniMax H3 sampling — step 17/20
04:43:15 job 38a1c843 running: MiniMax H3 sampling complete (20/20); decoding video and audio…
04:43:35 job 38a1c843 running: MiniMax H3 sampling complete (20/20); decoding video and audio…
04:43:55 job 38a1c843 completed: Done
04:43:55 done 38a1c843 minimax_h3_38a1c843.mp4
04:43:55 concat overnight_forrest_bombones_multiclip.mp4
04:43:56 sequence done overnight_forrest_bombones_multiclip.mp4
04:43:56 sequence homealone_galletas 4 shots
04:43:57 queued homealone_galletas/casa: 216938e2
04:44:00 queued homealone_galletas/trampa: a2c73b55
04:44:00 queued homealone_galletas/galletas: e79bccba
04:44:01 queued homealone_galletas/arbol: 09ecde48
04:44:01 job 216938e2 running: Loading MiniMax H3 and generating native video + stereo audio…
04:44:21 job 216938e2 running: Loading MiniMax H3 and generating native video + stereo audio…
04:44:41 job 216938e2 running: Loading MiniMax H3 and generating native video + stereo audio…
04:45:01 job 216938e2 running: Loading MiniMax H3 and generating native video + stereo audio…
04:45:21 job 216938e2 running: Loading MiniMax H3 and generating native video + stereo audio…
04:45:41 job 216938e2 running: Loading MiniMax H3 and generating native video + stereo audio…
04:46:01 job 216938e2 running: MiniMax H3 sampling — step 1/20
04:46:21 job 216938e2 running: MiniMax H3 sampling — step 2/20
04:46:41 job 216938e2 running: MiniMax H3 sampling — step 3/20
04:47:01 job 216938e2 running: MiniMax H3 sampling — step 5/20
04:47:21 job 216938e2 running: MiniMax H3 sampling — step 6/20
04:47:41 job 216938e2 running: MiniMax H3 sampling — step 7/20
04:48:01 job 216938e2 running: MiniMax H3 sampling — step 8/20
04:48:21 job 216938e2 running: MiniMax H3 sampling — step 9/20
04:48:41 job 216938e2 running: MiniMax H3 sampling — step 10/20
04:49:01 job 216938e2 running: MiniMax H3 sampling — step 12/20
04:49:21 job 216938e2 running: MiniMax H3 sampling — step 13/20
04:49:41 job 216938e2 running: MiniMax H3 sampling — step 14/20
04:50:01 job 216938e2 running: MiniMax H3 sampling — step 15/20
04:50:21 job 216938e2 running: MiniMax H3 sampling — step 16/20
04:50:41 job 216938e2 running: MiniMax H3 sampling — step 17/20
04:51:01 job 216938e2 running: MiniMax H3 sampling — step 18/20
04:51:22 job 216938e2 running: MiniMax H3 sampling complete (20/20); decoding video and audio…
04:51:42 job 216938e2 running: MiniMax H3 sampling complete (20/20); decoding video and audio…
04:52:02 job 216938e2 completed: Done
04:52:02 done 216938e2 minimax_h3_216938e2.mp4
04:52:02 job a2c73b55 queued: Queued
04:52:22 job a2c73b55 running: Loading MiniMax H3 and generating native video + stereo audio…
04:52:42 job a2c73b55 running: Loading MiniMax H3 and generating native video + stereo audio…
04:53:02 job a2c73b55 running: Loading MiniMax H3 and generating native video + stereo audio…
04:53:22 job a2c73b55 running: Loading MiniMax H3 and generating native video + stereo audio…
04:53:42 job a2c73b55 running: Loading MiniMax H3 and generating native video + stereo audio…
04:54:02 job a2c73b55 running: MiniMax H3 sampling — step 1/20
04:54:22 job a2c73b55 running: MiniMax H3 sampling — step 5/20
04:54:42 job a2c73b55 running: MiniMax H3 sampling — step 8/20
04:55:02 job a2c73b55 running: MiniMax H3 sampling — step 12/20
04:55:22 job a2c73b55 running: MiniMax H3 sampling — step 15/20
04:55:42 job a2c73b55 running: MiniMax H3 sampling — step 19/20
04:56:02 job a2c73b55 running: MiniMax H3 sampling complete (20/20); decoding video and audio…
04:56:22 job a2c73b55 completed: Done
04:56:22 done a2c73b55 minimax_h3_a2c73b55.mp4
04:56:22 job e79bccba running: Loading MiniMax H3 and generating native video + stereo audio…
04:56:42 job e79bccba running: Loading MiniMax H3 and generating native video + stereo audio…
04:57:02 job e79bccba running: Loading MiniMax H3 and generating native video + stereo audio…
04:57:22 job e79bccba running: Loading MiniMax H3 and generating native video + stereo audio…
04:57:42 job e79bccba running: Loading MiniMax H3 and generating native video + stereo audio…
04:58:02 job e79bccba running: Loading MiniMax H3 and generating native video + stereo audio…
04:58:22 job e79bccba running: MiniMax H3 sampling — step 1/20
04:58:42 job e79bccba running: MiniMax H3 sampling — step 2/20
04:59:02 job e79bccba running: MiniMax H3 sampling — step 4/20
04:59:22 job e79bccba running: MiniMax H3 sampling — step 5/20
04:59:42 job e79bccba running: MiniMax H3 sampling — step 6/20
05:00:02 job e79bccba running: MiniMax H3 sampling — step 7/20
05:00:22 job e79bccba running: MiniMax H3 sampling — step 8/20
05:00:42 job e79bccba running: MiniMax H3 sampling — step 9/20
05:01:02 job e79bccba running: MiniMax H3 sampling — step 10/20
05:01:22 job e79bccba running: MiniMax H3 sampling — step 12/20
05:01:42 job e79bccba running: MiniMax H3 sampling — step 13/20
05:02:02 job e79bccba running: MiniMax H3 sampling — step 14/20
05:02:22 job e79bccba running: MiniMax H3 sampling — step 15/20
05:02:42 job e79bccba running: MiniMax H3 sampling — step 16/20
05:03:02 job e79bccba running: MiniMax H3 sampling — step 17/20
05:03:22 job e79bccba running: MiniMax H3 sampling — step 18/20
05:03:42 job e79bccba running: MiniMax H3 sampling complete (20/20); decoding video and audio…
05:04:02 job e79bccba running: MiniMax H3 sampling complete (20/20); decoding video and audio…
05:04:22 job e79bccba running: MiniMax H3 sampling complete (20/20); decoding video and audio…
05:04:42 job e79bccba completed: Done
05:04:42 done e79bccba minimax_h3_e79bccba.mp4
05:04:42 job 09ecde48 running: Loading MiniMax H3 and generating native video + stereo audio…
05:05:03 job 09ecde48 running: Loading MiniMax H3 and generating native video + stereo audio…
05:05:23 job 09ecde48 running: Loading MiniMax H3 and generating native video + stereo audio…
05:05:43 job 09ecde48 running: Loading MiniMax H3 and generating native video + stereo audio…
05:06:03 job 09ecde48 running: Loading MiniMax H3 and generating native video + stereo audio…
05:06:23 job 09ecde48 running: Loading MiniMax H3 and generating native video + stereo audio…
05:06:43 job 09ecde48 running: Loading MiniMax H3 and generating native video + stereo audio…
05:07:03 job 09ecde48 running: Loading MiniMax H3 and generating native video + stereo audio…
05:07:23 job 09ecde48 running: MiniMax H3 sampling — step 4/20
05:07:43 job 09ecde48 running: MiniMax H3 sampling — step 7/20
05:08:03 job 09ecde48 running: MiniMax H3 sampling — step 11/20
05:08:23 job 09ecde48 running: MiniMax H3 sampling — step 14/20
05:08:43 job 09ecde48 running: MiniMax H3 sampling — step 18/20
05:09:03 job 09ecde48 running: MiniMax H3 sampling complete (20/20); decoding video and audio…
05:09:23 job 09ecde48 completed: Done
05:09:23 done 09ecde48 minimax_h3_09ecde48.mp4
05:09:23 concat overnight_homealone_galletas_multiclip.mp4
05:09:24 sequence done overnight_homealone_galletas_multiclip.mp4
05:09:24 sequence gladiator_casa 4 shots
05:09:24 queued gladiator_casa/arena: ed4e2558
05:09:26 queued gladiator_casa/pregunta: 71c4ccdc
05:09:30 queued gladiator_casa/teatro: e5539ac2
05:09:30 queued gladiator_casa/campo: 64a4211e
05:09:31 job ed4e2558 running: Loading MiniMax H3 and generating native video + stereo audio…
05:09:51 job ed4e2558 running: Loading MiniMax H3 and generating native video + stereo audio…
05:10:11 job ed4e2558 running: Loading MiniMax H3 and generating native video + stereo audio…
05:10:31 job ed4e2558 running: Loading MiniMax H3 and generating native video + stereo audio…
05:10:51 job ed4e2558 running: Loading MiniMax H3 and generating native video + stereo audio…
05:11:11 job ed4e2558 running: Loading MiniMax H3 and generating native video + stereo audio…
05:11:31 job ed4e2558 running: MiniMax H3 sampling — step 1/20
05:11:51 job ed4e2558 running: MiniMax H3 sampling — step 2/20
05:12:11 job ed4e2558 running: MiniMax H3 sampling — step 3/20
05:12:31 job ed4e2558 running: MiniMax H3 sampling — step 4/20
05:12:51 job ed4e2558 running: MiniMax H3 sampling — step 6/20
05:13:11 job ed4e2558 running: MiniMax H3 sampling — step 7/20
05:13:31 job ed4e2558 running: MiniMax H3 sampling — step 8/20
05:13:51 job ed4e2558 running: MiniMax H3 sampling — step 9/20
05:14:11 job ed4e2558 running: MiniMax H3 sampling — step 10/20
05:14:31 job ed4e2558 running: MiniMax H3 sampling — step 11/20
05:14:51 job ed4e2558 running: MiniMax H3 sampling — step 12/20
05:15:11 job ed4e2558 running: MiniMax H3 sampling — step 14/20
05:15:31 job ed4e2558 running: MiniMax H3 sampling — step 15/20
05:15:51 job ed4e2558 running: MiniMax H3 sampling — step 16/20
05:16:11 job ed4e2558 running: MiniMax H3 sampling — step 17/20
05:16:31 job ed4e2558 running: MiniMax H3 sampling — step 18/20
05:16:51 job ed4e2558 running: MiniMax H3 sampling — step 19/20
05:17:11 job ed4e2558 running: MiniMax H3 sampling complete (20/20); decoding video and audio…
05:17:31 job ed4e2558 running: MiniMax H3 sampling complete (20/20); decoding video and audio…
05:17:51 job ed4e2558 completed: Done
05:17:51 done ed4e2558 minimax_h3_ed4e2558.mp4
05:17:51 job 71c4ccdc running: Loading MiniMax H3 and generating native video + stereo audio…
05:18:11 job 71c4ccdc running: Loading MiniMax H3 and generating native video + stereo audio…
05:18:31 job 71c4ccdc running: Loading MiniMax H3 and generating native video + stereo audio…
05:18:51 job 71c4ccdc running: Loading MiniMax H3 and generating native video + stereo audio…
05:19:11 job 71c4ccdc running: Loading MiniMax H3 and generating native video + stereo audio…
05:19:31 job 71c4ccdc running: Loading MiniMax H3 and generating native video + stereo audio…
05:19:51 job 71c4ccdc running: MiniMax H3 sampling — step 4/20
05:20:11 job 71c4ccdc running: MiniMax H3 sampling — step 8/20
05:20:31 job 71c4ccdc running: MiniMax H3 sampling — step 11/20
05:20:51 job 71c4ccdc running: MiniMax H3 sampling — step 15/20
05:21:11 job 71c4ccdc running: MiniMax H3 sampling — step 18/20
05:21:31 job 71c4ccdc running: MiniMax H3 sampling complete (20/20); decoding video and audio…
05:21:51 job 71c4ccdc completed: Done
05:21:51 done 71c4ccdc minimax_h3_71c4ccdc.mp4
05:21:51 job e5539ac2 running: Loading MiniMax H3 and generating native video + stereo audio…
05:22:11 job e5539ac2 running: Loading MiniMax H3 and generating native video + stereo audio…
05:22:31 job e5539ac2 running: Loading MiniMax H3 and generating native video + stereo audio…
05:22:51 job e5539ac2 running: Loading MiniMax H3 and generating native video + stereo audio…
05:23:11 job e5539ac2 running: Loading MiniMax H3 and generating native video + stereo audio…
05:23:31 job e5539ac2 running: Loading MiniMax H3 and generating native video + stereo audio…
05:23:51 job e5539ac2 running: MiniMax H3 sampling — step 1/20
05:24:11 job e5539ac2 running: MiniMax H3 sampling — step 2/20
05:24:32 job e5539ac2 running: MiniMax H3 sampling — step 3/20
05:24:52 job e5539ac2 running: MiniMax H3 sampling — step 4/20
05:25:12 job e5539ac2 running: MiniMax H3 sampling — step 6/20
05:25:32 job e5539ac2 running: MiniMax H3 sampling — step 7/20
05:25:52 job e5539ac2 running: MiniMax H3 sampling — step 8/20
05:26:12 job e5539ac2 running: MiniMax H3 sampling — step 9/20
05:26:32 job e5539ac2 running: MiniMax H3 sampling — step 10/20
05:26:52 job e5539ac2 running: MiniMax H3 sampling — step 11/20
05:27:12 job e5539ac2 running: MiniMax H3 sampling — step 12/20
05:27:32 job e5539ac2 running: MiniMax H3 sampling — step 14/20
05:27:52 job e5539ac2 running: MiniMax H3 sampling — step 15/20
05:28:12 job e5539ac2 running: MiniMax H3 sampling — step 16/20
05:28:32 job e5539ac2 running: MiniMax H3 sampling — step 17/20
05:28:52 job e5539ac2 running: MiniMax H3 sampling — step 18/20
05:29:12 job e5539ac2 running: MiniMax H3 sampling — step 19/20
05:29:32 job e5539ac2 running: MiniMax H3 sampling complete (20/20); decoding video and audio…
05:29:52 job e5539ac2 running: MiniMax H3 sampling complete (20/20); decoding video and audio…
05:30:12 job e5539ac2 completed: Done
05:30:12 done e5539ac2 minimax_h3_e5539ac2.mp4
05:30:12 job 64a4211e running: Loading MiniMax H3 and generating native video + stereo audio…
05:30:32 job 64a4211e running: Loading MiniMax H3 and generating native video + stereo audio…
05:30:52 job 64a4211e running: Loading MiniMax H3 and generating native video + stereo audio…
05:31:12 job 64a4211e running: Loading MiniMax H3 and generating native video + stereo audio…
05:31:32 job 64a4211e running: Loading MiniMax H3 and generating native video + stereo audio…
05:31:52 job 64a4211e running: Loading MiniMax H3 and generating native video + stereo audio…
05:32:12 job 64a4211e running: MiniMax H3 sampling — step 4/20
05:32:32 job 64a4211e running: MiniMax H3 sampling — step 7/20
05:32:52 job 64a4211e running: MiniMax H3 sampling — step 11/20
05:33:12 job 64a4211e running: MiniMax H3 sampling — step 14/20
05:33:32 job 64a4211e running: MiniMax H3 sampling — step 18/20
05:33:52 job 64a4211e running: MiniMax H3 sampling complete (20/20); decoding video and audio…
05:34:12 job 64a4211e completed: Done
05:34:12 done 64a4211e minimax_h3_64a4211e.mp4
05:34:12 concat overnight_gladiator_casa_multiclip.mp4
05:34:14 sequence done overnight_gladiator_casa_multiclip.mp4
05:34:14 sequence pan_vive 4 shots
05:34:14 queued pan_vive/laberinto: 9ef7961b
05:34:16 queued pan_vive/prueba: e17b4050
05:34:20 queued pan_vive/reina: da3db08c
05:34:20 queued pan_vive/jardin: db29da70
05:34:20 job 9ef7961b running: Loading MiniMax H3 and generating native video + stereo audio…
05:34:40 job 9ef7961b running: Loading MiniMax H3 and generating native video + stereo audio…
05:35:00 job 9ef7961b running: Loading MiniMax H3 and generating native video + stereo audio…
05:35:20 job 9ef7961b running: Loading MiniMax H3 and generating native video + stereo audio…
05:35:40 job 9ef7961b running: Loading MiniMax H3 and generating native video + stereo audio…
05:36:00 job 9ef7961b running: Loading MiniMax H3 and generating native video + stereo audio…
05:36:20 job 9ef7961b running: MiniMax H3 sampling — step 1/20
05:36:40 job 9ef7961b running: MiniMax H3 sampling — step 2/20
05:37:00 job 9ef7961b running: MiniMax H3 sampling — step 3/20
05:37:20 job 9ef7961b running: MiniMax H3 sampling — step 4/20
05:37:40 job 9ef7961b running: MiniMax H3 sampling — step 6/20
05:38:00 job 9ef7961b running: MiniMax H3 sampling — step 7/20
05:38:20 job 9ef7961b running: MiniMax H3 sampling — step 8/20
05:38:40 job 9ef7961b running: MiniMax H3 sampling — step 9/20
05:39:00 job 9ef7961b running: MiniMax H3 sampling — step 10/20
05:39:20 job 9ef7961b running: MiniMax H3 sampling — step 11/20
05:39:40 job 9ef7961b running: MiniMax H3 sampling — step 12/20
05:40:00 job 9ef7961b running: MiniMax H3 sampling — step 14/20
05:40:21 job 9ef7961b running: MiniMax H3 sampling — step 15/20
05:40:41 job 9ef7961b running: MiniMax H3 sampling — step 16/20
05:41:01 job 9ef7961b running: MiniMax H3 sampling — step 17/20
05:41:21 job 9ef7961b running: MiniMax H3 sampling — step 18/20
05:41:41 job 9ef7961b running: MiniMax H3 sampling — step 19/20
05:42:01 job 9ef7961b running: MiniMax H3 sampling complete (20/20); decoding video and audio…
05:42:21 job 9ef7961b running: MiniMax H3 sampling complete (20/20); decoding video and audio…
05:42:41 job 9ef7961b completed: Done
05:42:41 done 9ef7961b minimax_h3_9ef7961b.mp4
05:42:41 job e17b4050 running: Loading MiniMax H3 and generating native video + stereo audio…
05:43:01 job e17b4050 running: Loading MiniMax H3 and generating native video + stereo audio…
05:43:21 job e17b4050 running: Loading MiniMax H3 and generating native video + stereo audio…
05:43:41 job e17b4050 running: Loading MiniMax H3 and generating native video + stereo audio…
05:44:01 job e17b4050 running: Loading MiniMax H3 and generating native video + stereo audio…
05:44:21 job e17b4050 running: Loading MiniMax H3 and generating native video + stereo audio…
05:44:41 job e17b4050 running: MiniMax H3 sampling — step 4/20
05:45:01 job e17b4050 running: MiniMax H3 sampling — step 8/20
05:45:21 job e17b4050 running: MiniMax H3 sampling — step 11/20
05:45:41 job e17b4050 running: MiniMax H3 sampling — step 15/20
05:46:01 job e17b4050 running: MiniMax H3 sampling — step 18/20
05:46:21 job e17b4050 running: MiniMax H3 sampling complete (20/20); decoding video and audio…
05:46:41 job e17b4050 completed: Done
05:46:41 done e17b4050 minimax_h3_e17b4050.mp4
05:46:41 job da3db08c running: Loading MiniMax H3 and generating native video + stereo audio…
05:47:01 job da3db08c running: Loading MiniMax H3 and generating native video + stereo audio…
05:47:21 job da3db08c running: Loading MiniMax H3 and generating native video + stereo audio…
05:47:41 job da3db08c running: Loading MiniMax H3 and generating native video + stereo audio…
05:48:01 job da3db08c running: Loading MiniMax H3 and generating native video + stereo audio…
05:48:21 job da3db08c running: Loading MiniMax H3 and generating native video + stereo audio…
05:48:41 job da3db08c running: MiniMax H3 sampling — step 1/20
05:49:01 job da3db08c running: MiniMax H3 sampling — step 2/20
05:49:21 job da3db08c running: MiniMax H3 sampling — step 3/20
05:49:41 job da3db08c running: MiniMax H3 sampling — step 4/20
05:50:01 job da3db08c running: MiniMax H3 sampling — step 6/20
05:50:21 job da3db08c running: MiniMax H3 sampling — step 7/20
05:50:41 job da3db08c running: MiniMax H3 sampling — step 8/20
05:51:01 job da3db08c running: MiniMax H3 sampling — step 9/20
05:51:21 job da3db08c running: MiniMax H3 sampling — step 10/20
05:51:41 job da3db08c running: MiniMax H3 sampling — step 11/20
05:52:01 job da3db08c running: MiniMax H3 sampling — step 13/20
05:52:21 job da3db08c running: MiniMax H3 sampling — step 14/20
05:52:41 job da3db08c running: MiniMax H3 sampling — step 15/20
05:53:01 job da3db08c running: MiniMax H3 sampling — step 16/20
05:53:21 job da3db08c running: MiniMax H3 sampling — step 17/20
05:53:41 job da3db08c running: MiniMax H3 sampling — step 18/20
05:54:01 job da3db08c running: MiniMax H3 sampling — step 19/20
05:54:21 job da3db08c running: MiniMax H3 sampling complete (20/20); decoding video and audio…
05:54:41 job da3db08c running: MiniMax H3 sampling complete (20/20); decoding video and audio…
05:55:01 job da3db08c completed: Done
05:55:01 done da3db08c minimax_h3_da3db08c.mp4
05:55:01 job db29da70 running: Loading MiniMax H3 and generating native video + stereo audio…
05:55:22 job db29da70 running: Loading MiniMax H3 and generating native video + stereo audio…
05:55:42 job db29da70 running: Loading MiniMax H3 and generating native video + stereo audio…
05:56:02 job db29da70 running: Loading MiniMax H3 and generating native video + stereo audio…
05:56:22 job db29da70 running: Loading MiniMax H3 and generating native video + stereo audio…
05:56:42 job db29da70 running: Loading MiniMax H3 and generating native video + stereo audio…
05:57:02 job db29da70 running: MiniMax H3 sampling — step 4/20
05:57:22 job db29da70 running: MiniMax H3 sampling — step 8/20
05:57:42 job db29da70 running: MiniMax H3 sampling — step 11/20
05:58:02 job db29da70 running: MiniMax H3 sampling — step 15/20
05:58:22 job db29da70 running: MiniMax H3 sampling — step 19/20
05:58:42 job db29da70 running: MiniMax H3 sampling complete (20/20); decoding video and audio…
05:59:02 job db29da70 completed: Done
05:59:02 done db29da70 minimax_h3_db29da70.mp4
05:59:02 concat overnight_pan_vive_multiclip.mp4
05:59:03 sequence done overnight_pan_vive_multiclip.mp4
05:59:03 sequence scarface_gatos 4 shots
05:59:03 queued scarface_gatos/despacho: 75c3510c
05:59:05 queued scarface_gatos/amigo: 3e7533c0
05:59:09 queued scarface_gatos/gatos: 987815bb
05:59:09 queued scarface_gatos/terraza: 7a915b05
05:59:10 job 75c3510c running: Loading MiniMax H3 and generating native video + stereo audio…
05:59:30 job 75c3510c running: Loading MiniMax H3 and generating native video + stereo audio…
05:59:50 job 75c3510c running: Loading MiniMax H3 and generating native video + stereo audio…
06:00:10 job 75c3510c running: Loading MiniMax H3 and generating native video + stereo audio…
06:00:30 job 75c3510c running: Loading MiniMax H3 and generating native video + stereo audio…
06:00:50 job 75c3510c running: Loading MiniMax H3 and generating native video + stereo audio…
06:01:10 job 75c3510c running: MiniMax H3 sampling — step 1/20
06:01:30 job 75c3510c running: MiniMax H3 sampling — step 2/20
06:01:50 job 75c3510c running: MiniMax H3 sampling — step 3/20
06:02:10 job 75c3510c running: MiniMax H3 sampling — step 5/20
06:02:30 job 75c3510c running: MiniMax H3 sampling — step 6/20
06:02:50 job 75c3510c running: MiniMax H3 sampling — step 7/20
06:03:10 job 75c3510c running: MiniMax H3 sampling — step 8/20
06:03:30 job 75c3510c running: MiniMax H3 sampling — step 9/20
06:03:50 job 75c3510c running: MiniMax H3 sampling — step 10/20
06:04:10 job 75c3510c running: MiniMax H3 sampling — step 11/20
06:04:30 job 75c3510c running: MiniMax H3 sampling — step 13/20
06:04:50 job 75c3510c running: MiniMax H3 sampling — step 14/20
06:05:10 job 75c3510c running: MiniMax H3 sampling — step 15/20
06:05:30 job 75c3510c running: MiniMax H3 sampling — step 16/20
06:05:50 job 75c3510c running: MiniMax H3 sampling — step 17/20
06:06:10 job 75c3510c running: MiniMax H3 sampling — step 18/20
06:06:30 job 75c3510c running: MiniMax H3 sampling complete (20/20); decoding video and audio…
06:06:50 job 75c3510c running: MiniMax H3 sampling complete (20/20); decoding video and audio…
06:07:10 job 75c3510c completed: Done
06:07:10 done 75c3510c minimax_h3_75c3510c.mp4
06:07:10 job 3e7533c0 queued: Queued
06:07:30 job 3e7533c0 running: Loading MiniMax H3 and generating native video + stereo audio…
06:07:50 job 3e7533c0 running: Loading MiniMax H3 and generating native video + stereo audio…
06:08:10 job 3e7533c0 running: Loading MiniMax H3 and generating native video + stereo audio…
06:08:30 job 3e7533c0 running: Loading MiniMax H3 and generating native video + stereo audio…
06:08:50 job 3e7533c0 running: Loading MiniMax H3 and generating native video + stereo audio…
06:09:10 job 3e7533c0 running: MiniMax H3 sampling — step 1/20
06:09:30 job 3e7533c0 running: MiniMax H3 sampling — step 5/20
06:09:50 job 3e7533c0 running: MiniMax H3 sampling — step 8/20
06:10:10 job 3e7533c0 running: MiniMax H3 sampling — step 12/20
06:10:30 job 3e7533c0 running: MiniMax H3 sampling — step 15/20
06:10:50 job 3e7533c0 running: MiniMax H3 sampling — step 19/20
06:11:10 job 3e7533c0 running: MiniMax H3 sampling complete (20/20); decoding video and audio…
06:11:30 job 3e7533c0 completed: Done
06:11:30 done 3e7533c0 minimax_h3_3e7533c0.mp4
06:11:30 job 987815bb running: Loading MiniMax H3 and generating native video + stereo audio…
06:11:50 job 987815bb running: Loading MiniMax H3 and generating native video + stereo audio…
06:12:10 job 987815bb running: Loading MiniMax H3 and generating native video + stereo audio…
06:12:30 job 987815bb running: Loading MiniMax H3 and generating native video + stereo audio…
06:12:50 job 987815bb running: Loading MiniMax H3 and generating native video + stereo audio…
06:13:10 job 987815bb running: Loading MiniMax H3 and generating native video + stereo audio…
06:13:31 job 987815bb running: MiniMax H3 sampling — step 1/20
06:13:51 job 987815bb running: MiniMax H3 sampling — step 2/20
06:14:11 job 987815bb running: MiniMax H3 sampling — step 3/20
06:14:31 job 987815bb running: MiniMax H3 sampling — step 5/20
06:14:51 job 987815bb running: MiniMax H3 sampling — step 6/20
06:15:11 job 987815bb running: MiniMax H3 sampling — step 7/20
06:15:31 job 987815bb running: MiniMax H3 sampling — step 8/20
06:15:51 job 987815bb running: MiniMax H3 sampling — step 9/20
06:16:11 job 987815bb running: MiniMax H3 sampling — step 10/20
06:16:31 job 987815bb running: MiniMax H3 sampling — step 11/20
06:16:51 job 987815bb running: MiniMax H3 sampling — step 13/20
06:17:11 job 987815bb running: MiniMax H3 sampling — step 14/20
06:17:31 job 987815bb running: MiniMax H3 sampling — step 15/20
06:17:51 job 987815bb running: MiniMax H3 sampling — step 16/20
06:18:11 job 987815bb running: MiniMax H3 sampling — step 17/20
06:18:31 job 987815bb running: MiniMax H3 sampling — step 18/20
06:18:51 job 987815bb running: MiniMax H3 sampling — step 19/20
06:19:11 job 987815bb running: MiniMax H3 sampling complete (20/20); decoding video and audio…
06:19:31 job 987815bb running: MiniMax H3 sampling complete (20/20); decoding video and audio…
06:19:51 job 987815bb completed: Done
06:19:51 done 987815bb minimax_h3_987815bb.mp4
06:19:51 job 7a915b05 running: Loading MiniMax H3 and generating native video + stereo audio…
06:20:11 job 7a915b05 running: Loading MiniMax H3 and generating native video + stereo audio…
06:20:31 job 7a915b05 running: Loading MiniMax H3 and generating native video + stereo audio…
06:20:51 job 7a915b05 running: Loading MiniMax H3 and generating native video + stereo audio…
06:21:11 job 7a915b05 running: Loading MiniMax H3 and generating native video + stereo audio…
06:21:31 job 7a915b05 running: MiniMax H3 sampling — step 1/20
06:21:51 job 7a915b05 running: MiniMax H3 sampling — step 5/20
06:22:11 job 7a915b05 running: MiniMax H3 sampling — step 8/20
06:22:31 job 7a915b05 running: MiniMax H3 sampling — step 12/20
06:22:51 job 7a915b05 running: MiniMax H3 sampling — step 15/20
06:23:11 job 7a915b05 running: MiniMax H3 sampling — step 19/20
06:23:31 job 7a915b05 running: MiniMax H3 sampling complete (20/20); decoding video and audio…
06:23:51 job 7a915b05 completed: Done
06:23:51 done 7a915b05 minimax_h3_7a915b05.mp4
06:23:51 concat overnight_scarface_gatos_multiclip.mp4
06:23:52 sequence done overnight_scarface_gatos_multiclip.mp4
06:23:52 parodies2 done
